CodigoDaComposicao;IDdoComponente;DescricaoDoComponente;CodigoDoComponente;QuantidadeDoComponente;CustoUnitario;Operacao
Par-2210;15823854084;Haste Bieleta Do Câmbio Peugeot 206 207  1.4 .16 161mm Curta;2210;2;8,9;A
Par-PG003;15823821807;Kit Rolamento Eixo Traseiro Peugeot Partner 1998 A 2009;PG003;2;47;A
Par-VW001;15823841530;Kit Rolamento Roda Traseira Gol Saveiro  PARATI G1 a G5 Fox;VW001;2;13,22;A
Kit-PG001;15831140075;Reparo Rolamento Eixo Traseiro Pegeout 206 47mm 1999 a 2010;PG001;2;43;A
Kit-PG001;15849433375;Bucha Eixo Traseiro Elimina Folga 47mm Peugeot 206;2278;2;15,5;A
Par-PG001;15831140075;Reparo Rolamento Eixo Traseiro Pegeout 206 47mm 1999 a 2010;PG001;2;43;A
Par-PG001A;15912110334;Rolamento Eixo Traseiro Peugeot 207 Passion Com Barra 50mm;PG001A;2;46;A
Par-FD001;15823818007;Kit Rolamento Roda Traseira Ford Ka 1997 1998 1999 2000-2002;FD001;2;40;A
PAR-14097/99;15844535193;Pino Reparo Da Dobradiça Porta Uno Mille Ld Le 1986;14097;2;3;A
PAR-14097/99;15843948189;Pino Dobradiça Porta Uno Mille Ld Le 1991 1992;14099;2;3;A
Par-NZT3600;15919873649;Kit Rolamento Dianteira Corsa Frente Montana Meriva Montana;nzt3600;2;0;A
Par-NZT3601;15920651059;Kit Rolamento Roda Traseira Meriva Le;NZT3601;2;62,78;A
PAR-8000/01;15998606913;Bieleta Dianteira Land Rover Evoque 2011 Em Diante;8000;2;0;A
PAR-8000/01;15998665003;Bieleta Traseira Land Rover Freelander 2 2008 A 2014;8001;2;26,85;A
4kit-12152;15843961535;Pino Buchas Da Dobradiça Porta Corcel Del Rey Pampa Belina;12152;4;5,9;A
4KIT-14098;16114809111;Pino Porta Batente Palio / Strada / Siena;14098;4;8,3;A
4Kits-14097/99;15844535193;Pino Reparo Da Dobradiça Porta Uno Mille Ld Le 1986;14097;4;3;A
4Kits-14097/99;15844535193;Pino Reparo Da Dobradiça Porta Uno Mille Ld Le 1986;14097;4;3;A
4 Kits (2) 14097- (2) 14099;15844535193;Pino Reparo Da Dobradiça Porta Uno Mille Ld Le 1986;14097;2;3;A
4 Kits (2) 14097- (2) 14099;15843948189;Pino Dobradiça Porta Uno Mille Ld Le 1991 1992;14099;2;3;A
KIT-12152;15843961535;Pino Buchas Da Dobradiça Porta Corcel Del Rey Pampa Belina;12152;4;5,9;A
8 Kits (4) 14097 - (4)14099;15843892456;Pino Dobradiça Porta Dian/Tras LD ou LE;14097;4;0;A
8 Kits (4) 14097 - (4)14099;15843948189;Pino Dobradiça Porta Uno Mille Ld Le 1991 1992;14099;4;3;A
8kit-12152;15843961535;Pino Buchas Da Dobradiça Porta Corcel Del Rey Pampa Belina;12152;8;5,9;A
332016;15965369236;Bandeja Balança Direito Corsa Classic Sem Pivô 1994 A 1998;332010;1;0;A
332016;16135489739;Pivô Inferior Bandeja Dianteira Ambos Os Lados Corsa 1994 até 1998;FTK11024;1;0;A
PAR222014-5014;15963463067;Bandeja Superior Direita Com Pivô Ranger 1998 A 2011;222014;1;60,52;A
PAR222014-5014;15915282540;Bieleta Dianteira Ranger 1999 A 2011 Le;5014;1;18,63;A
442092-5307;15956311018;Bandeja Lado Direito Gol G5 Com Pivô;442092;1;34,9;A
442092-5307;15884298263;Bieleta Dianteira Vw Voyage 2008 Até 2016 Todas Versões;5307;1;17,39;A
332093-5233;16008825466;Pivô Bandeja Cobalt 2011 Em Diante;FTK00311;1;0;A
332093-5233;15884291448;Bieleta Dianteira Onix Modelo Novo 2020;5233;1;19,25;A
332093-5233;15962223143;Bandeja Inferior Esquerdo Joy 2020 Em Diante Sem Pivô;332091;1;0;A
PAR222015-5014;15915282540;Bieleta Dianteira Ranger 1999 A 2011 Le;5014;1;18,63;A
PAR222015-5014;15963446403;Bandeja Superior Esquerda Com Pivô Ranger 1998 A 2011;222015;1;60,52;A
442055/FTK11010;15959157204;BANDEJA GOL PARATI SAVEIRO VOYAGE 1993 a 2008 BOLA;442055;1;0;A
442055/FTK11010;16335164505;PIVÔ INFERIOR GOL 1997 A 2008;FTK11010;1;0;A
442067;15979367647;Bandeja Van 1998 Á 2003;442066;1;40,73;A
442067;15996974942;Pivô Bandeja Inferior Dianteira Ambos Os Lados Polo 96 À 02;FTK11019;1;0;A
112117;15976866584;Bandeja Inferior Ambos Lados Toro 4x4 Sem Pivô 2016 A 2020;112116;1;0;A
112117;15999951050;Pivô Bandeja Dianteira Ambos Os Lados Compass 2015 A 2020;FTK22404;1;0;A
772148;16008389849;Bandeja Dianteira Direita Sem Pivô Sportage 2011 A 2022;772058;1;0;A
772148;16008488087;Pivô Da Bandeja Dianteira Ambos Lados Sportage 2010 A 2015;FTK22104;1;0;A
112118;15976866584;Bandeja Inferior Ambos Lados Toro 4x4 Sem Pivô 2016 A 2020;112116;1;0;A
112118;15999951050;Pivô Bandeja Dianteira Ambos Os Lados Compass 2015 A 2020;FTK22404;1;0;A
772149;16008391520;Bandeja Dianteira Esquerda Sem Pivô Sportage 2011 A 2022;772059;1;0;A
772149;16008488087;Pivô Da Bandeja Dianteira Ambos Lados Sportage 2010 A 2015;FTK22104;1;0;A
442097;15963721722;Bandeja Inferior Ambos Os Lados  Polo Sedan 2002 Á 2022;442095;1;0;A
442097;16001278981;Pivô Bandeja Dianteira Esquerda Fox 2003 A 2014;FTK11043;1;0;A
332116;15995162354;Pivô Da Bandeja Inferior Ambos Os Lados Kadett 1989 À 1998;FTK11030;1;0;A
332116;15974250292;Bandeja Direita Inferior Sem Pivô Ipanema 1989 A 1998;332007;1;0;A
332117;15995162354;Pivô Da Bandeja Inferior Ambos Os Lados Kadett 1989 À 1998;FTK11030;1;0;A
332117;15974264070;Bandeja Esquerda Inferior Sem Pivô Kadett 1989 A 1998;332008;1;0;A
442068;15979367647;Bandeja Van 1998 Á 2003;442066;1;40,73;A
442068;15996974942;Pivô Bandeja Inferior Dianteira Ambos Os Lados Polo 96 À 02;FTK11019;1;0;A
442055/FTK11008;15959157204;BANDEJA GOL PARATI SAVEIRO VOYAGE 1993 a 2008 BOLA;442055;1;0;A
442055/FTK11008;16332566936;PIVÔ INFERIOR DIREITO GOL 1997 A 2008 DIREÇÃO HIDRAULICA;FTK11008;1;0;A
332092;15962222928;Bandeja Inferior Direito Joy 2020 Em Diante Sem Pivô;332090;1;0;A
332092;16008825466;Pivô Bandeja Cobalt 2011 Em Diante;FTK00311;1;0;A
332146;15986898568;Bandeja Ambos Lados Tracker 1.4 Lt Ltz 2017 A 2020;332144;1;0;A
332146;16008825466;Pivô Bandeja Cobalt 2011 Em Diante;FTK00311;1;0;A
552002-5701;15955673732;Bandeja Lado Direito Peugeot 206 Todos 1999 A 2010 Com Pivô;552002;1;65;A
552002-5701;15910926346;Bieleta Dianteira Ambos Os Lados Aircross 2012 A 2016;5701;1;17,39;A
552001-5701;15955570878;Bandeja Esquerda Peugeot 207 Exceto Sw 08 Em Diante C Pivô;552001;1;65;A
552001-5701;15910926346;Bieleta Dianteira Ambos Os Lados Aircross 2012 A 2016;5701;1;17,39;A
442055/FTK11009;15959157204;BANDEJA GOL PARATI SAVEIRO VOYAGE 1993 a 2008 BOLA;442055;1;0;A
442055/FTK11009;16332622655;PIVÔ INFERIOR ESQUERDO GOL 1997 A 2008 DIREÇÃO HIDRAULICA;FTK11009;1;0;A
332093;16008825466;Pivô Bandeja Cobalt 2011 Em Diante;FTK00311;1;0;A
332093;15962223143;Bandeja Inferior Esquerdo Joy 2020 Em Diante Sem Pivô;332091;1;0;A
112092;15976140662;Bandeja Inferior Stilo 2002 Á 2011;112090;1;0;A
112093;15976140662;Bandeja Inferior Stilo 2002 Á 2011;112090;1;0;A
332081;15978053118;Bandeja Dianteira Astra Sem Pivô 1999 Á  2011;332080;1;0;A
772028;15974607887;Bandeja Inferior Direita Sem Pivô New Civic 2007 A 2011;772026;1;0;A
772028;15995544416;Pivô Da Bandeja Inferior Lado Direito New Civic 2006 A 2011;ftk22002;1;0;A
332082;15978053118;Bandeja Dianteira Astra Sem Pivô 1999 Á  2011;332080;1;0;A
772027;15995545028;Pivô Da Bandeja Inferior Lado Esquerdo New Civic 2006 A 2011;ftk22003;1;0;A
772027;15974599205;Bandeja Inferior Esquerda Sem Pivô New Civic 2007 A 2011;772025;1;0;A
442090-5307;15957024272;Bandeja Sem Pivô Lado Esquerdo Gol G5 2008 Em Diante;442090;1;39,9;A
442090-5307;15884298263;Bieleta Dianteira Vw Voyage 2008 Até 2016 Todas Versões;5307;1;17,39;A
442091-5307;15956955830;Bandeja Sem Pivô Lado Direito Saveiro G5 2008 Em Diante;442091;1;34,9;A
442091-5307;15884298263;Bieleta Dianteira Vw Voyage 2008 Até 2016 Todas Versões;5307;1;17,39;A
442082;15991124760;Bandeja Superior Direito Sem Pivô  Belina Scala 1984 À 1991;442081;1;0;A
5410/11;15913280933;Bieleta Dianteira New Civic 2011 Esquerdo;5410;1;18,63;A
5410/11;15906671533;Bieleta Dianteira Direita New Civic 2011 Direito;5411;1;18,63;A
5127;15823865112;Bieleta Dianteira Fiat Linea 2009 Em Diante;5110;1;17;A
PAR-5014/FTK33006;15915282540;Bieleta Dianteira Ranger 1999 A 2011 Le;5014;1;18,63;A
PAR-5014/FTK33006;16038789581;BUCHA DO BRAÇO SUPERIOR SUSPENSÃO DIANTEIRA EXPLORER 1996 1997 NÃO EXPORTAR;FTK33006-AMW;2;0;A
112004b;15969449756;Bracinho Oscilante Com Pivô Sem Bucha Fiat Panorama;112004;1;0;A
112004b;16094872950;Bucha do Braço Tensor UNO- Não exportar;FTK44004-AMW;2;0;A
112005B;15963482745;Bracinho Oscilante Com Pivô Uno Mille 1991 A 2011 SEM BUCHA;112005;1;0;A
112005B;16094872950;Bucha do Braço Tensor UNO- Não exportar;FTK44004-AMW;2;0;A
222010b;15969498535;Braço Oscilante Direito Sem Bucha Verona 1990 A 1992;222010;1;0;A
222010b;16094887488;Bucha do Braço Tensor UNO- Não exportar;FTK33005-AMW;2;0;A
222011b;15969508035;Braço Oscilante Esquerdo Sem Bucha Escort 1983 A 1996;222011;1;0;A
222011b;16094887488;Bucha do Braço Tensor UNO- Não exportar;FTK33005-AMW;1;0;A
332017;15965369686;Bandeja Balança Esquerdo Corsa Classic Sem Pivô 1994 A 98;332011;1;0;A
332017;16135489739;Pivô Inferior Bandeja Dianteira Ambos Os Lados Corsa 1994 até 1998;FTK11024;1;0;A
112006;15994960916;Braço Tensor Direita Sem Terminal Uno Mille 2004 A 2013;112008;1;0;A
112006;15833618379;Terminal Cabo Trambulador Seleção 10mm Strada 2014 Em Diante;T1006;1;0;A
112007;15994987869;Braço Tensor Esquerda Sem Terminal Uno Fase I 2004 A 2013;112009;1;0;A
112007;15833618379;Terminal Cabo Trambulador Seleção 10mm Strada 2014 Em Diante;T1006;1;0;A
2281;15913001768;Bucha Eixo Traseiro 50mm Elimina Folga Pegeout 207 Passion;2280;2;15,5;A
77351/2345;15872155599;Cabo De Marcha Vectra 2008;77351;1;0;A
77351/2345;15823854872;Pino Regulagem Da Ponta Do Cabo De Marcha Zafira 2001 A 2012;2345;1;8;A
44507;15948367644;Cabo De Capô Com Alavanca Monza 1982 A 1990;77152;1;13,36;A
66414;15833624032;Cabo De Embreagem Palio 1.0 (46781013) 2000 2001 2002 2003;66416;1;23,99;A
77354T;15833612207;Cabo De Engate E Seleção Montana 2011 2012 2013 2014 Novo;77354;1;0;A
77354T;15823861491;Terminal Conector Cabo Trambulador Astra 2006 Em Diante;T1007;1;0;A
77350T;15823818843;Cabo De Trambulador Corsa Classic 2005/2014;77350;1;0;A
77350T;15823861491;Terminal Conector Cabo Trambulador Astra 2006 Em Diante;T1007;1;0;A
44911/12;15872155599;Cabo De Marcha Vectra 2008;77351;1;0;A
77350P;15823818843;Cabo De Trambulador Corsa Classic 2005/2014;77350;1;0;A
77350P;15823854872;Pino Regulagem Da Ponta Do Cabo De Marcha Zafira 2001 A 2012;2345;1;8;A
66610/11;15976643217;Cabo De Marcha Engate Palio 1.0 1996 A 2000;66610;1;0;A
66610/11;15976708897;Cabo Do Trambulador Seleção Strada 1.5 1.6 1998 A 2001;66611;1;0;A
66642/43;15977981911;Cabo Do Trambulador Engate Palio Weekend Adventure 2009 A 12;66642;1;0;A
66642/43;15978781645;Cabo Marcha Seleção Strada 1.4 Fire Mpi 8v 2012;66643;1;0;A
77354T/2309;15833612207;Cabo De Engate E Seleção Montana 2011 2012 2013 2014 Novo;77354;1;0;A
77354T/2309;15921678118;Suporte Alavanca De Seleção Trambulador Montana 2003 A 2017;2309;1;15;A
77354T/2309;15823861491;Terminal Conector Cabo Trambulador Astra 2006 Em Diante;T1007;1;0;A
2359;15823850473;Suporte Coxin Radiador Direito Montana Antiga 2002 A 2012;2358;1;22,5;A
2359;15823849698;Suporte Coxin Radiador Esquerdo Corsa Frente Montana 2002/12;2357;1;41;A
par-772148/49-5616;16008444344;Bandeja Dianteira Direita Com Pivô Sportage 2011 A 2022;772148;1;0;A
par-772148/49-5616;16008446995;Bandeja Dianteira Esquerda Com Pivô Hyundai Ix35 2010 A 2015;772149;1;0;A
par-772148/49-5616;16029572065;BIELETA DIANTEIRA AMBOS OS LADOS IX35 2010 A 2015;5616;2;20,8;A
KITFTK77001/02-AMW;16039560834;BUCHA DIANTEIRA DA BANDEJA DIANTEIRA PICASSO 2001 A 2012 NÃO EXPORTAR;FTK77001-AMW;2;0;A
KITFTK77001/02-AMW;16039555642;BUCHA TRASEIRA DA BANDEJA DIANTEIRA PICASSO 2001 A 2012;FTK77002-AMW;1;0;A
KITFTK44002/03/06-AMW;16039375807;BUCHA AMBOS LADOS BANDEJA DIANTEIRA MAREA 1998 EM DIANTE;FTK44002-AMW;2;0;A
KITFTK44002/03/06-AMW;16039383465;BUCHA DIREITA TRASEIRA BANDEJA DIANTEIRA MAREA 98 EM DIANTE;FTK44006-AMW;1;0;A
KITFTK44002/03/06-AMW;16039380325;BUCHA ESQUERDA TRASEIRA BANDEJA DIANTEIRA MAREA 98 EM DIANTE;FTK44003-AMW;1;0;A
KITFTK99134/66075-MB;16044071242;BUCHA TRASEIRA DA BANDEJA DIANTEIRA CIVIC 2007 A 2016;FTK99134-MB;2;0;A
KITFTK99134/66075-MB;16044090788;BUCHA DIANTEIRA DA BANDEJA DIANTEIRA CIVIC 2012 A 2016;FTK66075-MB;2;0;A
KITFTK66029/39-MB;16038173043;BUCHA DIANTEIRA DA BANDEJA DIANTEIRA CRV 2007 A 2012;FTK66029-MB;1;0;A
KITFTK66029/39-MB;16038149460;BUCHA TRASEIRA DA BANDEJA DIANTEIRA CRV 2007 A 2012;FTK66039-MB;1;0;A
KITFTK11004/06-AMW;16040672562;BUCHA DIANTEIRA DA BANDEJA DIANTEIRA GOL G5 2008 EM DIANTE;FTK11004-AMW;2;0;A
KITFTK11004/06-AMW;16040721967;BUCHA TRASEIRA DA BANDEJA DIANTEIRA GOL G5 2008 EM DIANTE;FTK11006-AMW;2;0;A
KITFTK99370/71-MB;16035467894;BUCHA DIANTEIRA DA BANDEJA DIANTEIRA KWID 2017 EM DIANTE;FTK99370-MB;2;0;A
KITFTK99370/71-MB;16035472263;BUCHA TRASEIRA DA BANDEJA DIANTEIRA KWID 2017 EM DIANTE;FTK99371-MB;2;0;A
KITFTK11019-MB;16037364240;BUCHA DA BANDEJA SUPERIOR DIANTEIRA L200 SPORT 2003 DIANTE;FTK11019-MB;4;0;A
KITFTK11001/11018-MB;16035675312;BUCHA TRASEIRA DA BANDEJA DIANTEIRA L200 4X4 1995 A 2006;FTK11001-MB;2;0;A
KITFTK11001/11018-MB;16038015622;BUCHA DIANTEIRA DA BANDEJA DIANTEIRA L200 SPORT 2003 DIANTE;FTK11018-MB;2;0;A
KITFTK99103/04-MB;16035575798;BUCHA TRASEIRA DA BANDEJA DIANTEIRA MEGANE 2007 EM DIANTE;FTK99103-MB;2;0;A
KITFTK99103/04-MB;16035597576;BUCHA DIANTEIRA DA BANDEJA DIANTEIRA MEGANE 2007 EM DIANTE;FTK99104-MB;2;0;A
KITFTK11170/71-MB;16044723188;BUCHA TRASEIRA DA BANDEJA DIANTEIRA OMEGA SUPREMA 93 A 98;FTK11170-MB;2;0;A
KITFTK11170/71-MB;16044673724;BUCHA DIANTEIRA DA BANDEJA DIANTEIRA OMEGA SUPREMA 93 A 98;FTK11171-MB;2;0;A
KITFTK99282/83-MB;16044600018;BUCHA TRASEIRA DA BANDEJA DIANTEIRA AZERA 2008 A 2012;FTK99282-MB;2;0;A
KITFTK99282/83-MB;16044566400;BUCHA DIANTEIRA DA BANDEJA DIANTEIRA TUCSON 2005 EM DIANTE;FTK99283-MB;2;0;A
KIT4FTK44005-AMW;16038766982;BUCHA DA BANDEJA SUSPENSÃO TRASEIRA UNO MILLE 1991 A 2013 NÃO EXPORTAR;FTK44005-AMW;4;0;A
KITFTK33006-AMW;16038789581;BUCHA DO BRAÇO SUPERIOR SUSPENSÃO DIANTEIRA EXPLORER 1996 1997 NÃO EXPORTAR;FTK33006-AMW;4;0;A
KIT-3600DT;15919873649;Kit Rolamento Dianteira Corsa Frente Montana Meriva Montana;nzt3600;2;0;A
KIT-3600DT;15920651059;Kit Rolamento Roda Traseira Meriva Le;NZT3601;2;62,78;A
KIT1FTK77001/02-AMW;16039560834;BUCHA DIANTEIRA DA BANDEJA DIANTEIRA PICASSO 2001 A 2012 NÃO EXPORTAR;FTK77001-AMW;2;0;A
KIT1FTK77001/02-AMW;16039555642;BUCHA TRASEIRA DA BANDEJA DIANTEIRA PICASSO 2001 A 2012;FTK77002-AMW;1;0;A
KIT8FTK44005-AMW;16038766982;BUCHA DA BANDEJA SUSPENSÃO TRASEIRA UNO MILLE 1991 A 2013 NÃO EXPORTAR;FTK44005-AMW;8;0;A
FTK421/092008;16172754266;COXIM DO AMORTECEDOR Corsa e Celta;FTK421;1;40;A
FTK421/092008;16190642067;KIT COIFA E BATENTE CORSA PRISMA MERIVA;92008;1;0;A
FTK601/098025;16240489479;Coxim Amortecedor Dianteiro FIT;FTK601;1;0;A
FTK601/098025;16240475090;Kit Amortecedor (Coifa e Batente) Dianteiro CITY NEW FIT;98025;1;0;A
772148/5616;16008444344;Bandeja Dianteira Direita Com Pivô Sportage 2011 A 2022;772148;1;0;A
772148/5616;16029572065;BIELETA DIANTEIRA AMBOS OS LADOS IX35 2010 A 2015;5616;1;20,8;A
772149/5616;16029572065;BIELETA DIANTEIRA AMBOS OS LADOS IX35 2010 A 2015;5616;1;20,8;A
772149/5616;16008446995;Bandeja Dianteira Esquerda Com Pivô Hyundai Ix35 2010 A 2015;772149;1;0;A
kit-442128/29-5307;16123283090;Bandeja Up Dianteira direita 2014 Em Diante Com Pivô;442128;1;0;A
kit-442128/29-5307;16123296379;Bandeja Up Dianteira Esquerda 2014 Em Diante Com Pivô;442129;1;0;A
kit-442128/29-5307;15884298263;Bieleta Dianteira Vw Voyage 2008 Até 2016 Todas Versões;5307;2;17,39;A
FTK00353/FTK00122/5110;16389455703;BUCHA DA SUSPENSÃO DIANTEIRA STILO 2012 A 2016;FTK00353;2;0;A
FTK00353/FTK00122/5110;16274348370;PIVÔ INFERIOR BANDEJA AMBOS LADOS BRAVO 2011 A 2015;FTK00122;2;0;A
FTK00353/FTK00122/5110;15823865112;Bieleta Dianteira Fiat Linea 2009 Em Diante;5110;2;17;A
KIT-7802;15910913444;Bieleta Dianteira Compass 2007 A 2015;7802;4;22,36;A
Kit-2210/11;15823854084;Haste Bieleta Do Câmbio Peugeot 206 207  1.4 .16 161mm Curta;2210;2;8,9;A
Kit-2210/11;15823853809;Haste  Bieleta Câmbio 206 207 1.4 / 1.6 Longo 34cm;2211;1;10,9;A
KIT-5607/08;15823866184;Bieleta Dianteira I30 Cerato;5607;2;19,87;A
KIT-5607/08;15909959836;Bieleta Traseira Tucson Sportage;5608;2;19,87;A
KIT-5014/FTK33006;15915282540;Bieleta Dianteira Ranger 1999 A 2011 Le;5014;2;18,63;A
KIT-5014/FTK33006;16038789581;BUCHA DO BRAÇO SUPERIOR SUSPENSÃO DIANTEIRA EXPLORER 1996 1997 NÃO EXPORTAR;FTK33006-AMW;4;0;A
KITFTK7739/40-MB;16032599440;BUCHA CENTRAL DA BANDEJA DIANTEIRA COROLLA 1992 A 2002;FTK7740-MB;2;0;A
KITFTK7739/40-MB;16032590026;BUCHA TRASEIRA DA BANDEJA DIANTEIRA COROLLA 1997 A 2002;FTK7739-MB;2;0;A
KITFTK22286-GP;16035527968;BUCHA DA BANDEJA SUPERIOR DIANTEIRA RANGER 2012 EM DIANTE;FTK22286-GP;4;0;A
KITFTK11203A/04-MB;16034855117;REFIL BUCHA DIANTEIRA DA BANDEJA DIANTEIRA MERIVA 2002 A 12;FTK11203A-MB;2;0;A
KITFTK11203A/04-MB;16034919118;BUCHA TRASEIRA DA BANDEJA DIANTEIRA MERIVA 2002 A 2013;FTK11204-MB;2;0;A
KITFTK33028-MB;16034296596;BUCHA CENTRAL DA BANDEJA INFERIOR AMAROK 2010 EM DIANTE;FTK33028-MB;4;0;A
KITFTK66000/01MB;16031590075;BUCHA TRASEIRA DA BANDEJA SUSPENSÃO DIANTEIRA CITY 2010 A 14;FTK66001-MB;2;0;A
KITFTK66000/01MB;16031691216;BUCHA DIANTEIRA DA BANDEJA DIANTEIRA CITY 2010 A 14;FTK66000-MB;2;0;A
KITFTK7741/42-MB;16032672340;BUCHA TRASEIRA DA BANDEJA DIANTEIRA COROLLA 2003 EM DIANTE;FTK7741-MB;2;0;A
KITFTK7741/42-MB;16032694154;BUCHA CENTRAL DA BANDEJA DIANTEIRA COROLLA 2003 EM DIANTE;FTK7742-MB;2;0;A
KITFTK22208/2263-MB;16036589027;BUCHA TRASEIRA DA BANDEJA DIANTEIRA COURIER 1996 A 2013;FTK22208-MB;2;0;A
KITFTK22208/2263-MB;16036611650;BUCHA DIANTEIRA DA BANDEJA DIANTEIRA COURIER 1997 A 2002;FTK2263-MB;2;0;A
KITFTK22222/20-MB;16044135241;BUCHA DIANTEIRA DA BANDEJA DIANTEIRA ECOSPORT 2003 A 2012;FTK22222-MB;2;0;A
KITFTK22222/20-MB;16044480471;BUCHA TRASEIRA DA BANDEJA DIANTEIRA ECOSPORT 2003 A 2012;FTK22220-MB;2;0;A
KITFTK99128/29-MB;16033235947;BUCHA DIANTEIRA DA BANDEJA DIANTEIRA FLUENCE 2010 EM DIANTE;FTK99128-MB;2;0;A
KITFTK99128/29-MB;16033240605;BUCHA TRASEIRA DA BANDEJA DIANTEIRA FLUENCE 2010 EM DIANTE;FTK99129-MB;2;0;A
KITFTK4476/44406-MB;16033296921;BUCHA DIANTEIRA DA BANDEJA DIANTEIRA LINEA 2008 A 2017;FTK4476-MB;2;0;A
KITFTK4476/44406-MB;16033347110;BUCHA TRASEIRA DA BANDEJA DIANTEIRA LINEA 2008 A 2017;FTK44406-MB;2;0;A
KITFTK77014/15-MB;16036669995;BUCHA TRASEIRA DA BANDEJA DIANTEIRA LIVINA 2010 A 2014;FTK77014-MB;2;0;A
KITFTK77014/15-MB;16036711526;BUCHA DIANTEIRA DA BANDEJA DIANTEIRA LIVINA 2010 A 2015;FTK77015-MB;2;0;A
KITFTK11224/25-MB;16033599798;BUCHA DIANTEIRA DA BANDEJA DIANTEIRA ONIX 2013 EM DIANTE;FTK11224-MB;2;0;A
KITFTK11224/25-MB;16034078057;BUCHA TRASEIRA DA BANDEJA DIANTEIRA ONIX 2013 EM DIANTE;FTK11225-MB;2;0;A
KITFTK99325-MB;16034178823;BUCHA DA BANDEJA SUSPENSÃO DIANTEIRA SANDERO 2007 EM DIANTE;FTK99325-MB;4;0;A
KITFTK4476/77-MB;16033296921;BUCHA DIANTEIRA DA BANDEJA DIANTEIRA LINEA 2008 A 2017;FTK4476-MB;2;0;A
KITFTK4476/77-MB;16033305112;BUCHA TRASEIRA DA BANDEJA DIANTEIRA STILO 2002 A 2010;FTK4477-MB;2;0;A
KITFTK33029-MB;16034199052;BUCHA DA BANDEJA SUPERIOR DIANTEIRA AMAROK 2010 EM DIANTE;FTK33029-MB;4;0;A
KITFTK11140-MB;16032775724;BUCHA DA BANDEJA SUPERIOR SUSPENSÃO DIANTEIRA BLAZER 96 A 11;FTK11140-MB;4;0;A
KITFTK99171-MB;16037185574;BUCHA DA BANDEJA SUPERIOR DIANTEIRA CIVIC 1992 A 1995;FTK99171-MB;4;0;A
KITFTK77503-AMW;16038770203;BUCHA DA BANDEJA SUSPENSÃO DIANTEIRA CLIO 1998 EM DIANTE NÃO EXPORTAR;FTK77503-AMW;4;0;A
KITFTK99166-MB;16043964058;BUCHA DA BANDEJA SUSPENSÃO DIANTEIRA MEGANE 1995 EM DIANTE;FTK99166-MB;4;0;A
KITFTK99083-MB;16044156619;BUCHA DIANTEIRA DA BANDEJA DIANTEIRA MONDEO 1993 A 2001;FTK99083-MB;4;0;A
KITFTK99406/10-MB;16389458457;BUCHA DIANTEIRA DA BANDEJA KWID 2022 EM DIANTE NÃO EXPORTAR;FTK99406-MB;2;0;A
KITFTK99406/10-MB;16389458686;BUCHA TRASEIRA DA BANDEJA KWID 2022 EM DIANTE NÃO EXPORTAR;FTK99410-MB;2;0;A
KIT-FTK00404/5203;16240466541;Bucha Barra Estabilizadora COBALT 2013 Em diante;FTK00404;2;0;A
KIT-FTK00404/5203;15910911530;Bieleta Dianteira Astra Zafira Vectra;5203;2;19,19;A
Kit-2300;15823857707;Bucha Trambulador Corsa Todos De 94 Até 2012;2324;1;4,9;A
Kit-2300;15924873271;Bucha Reparo Alavanca Trambulador Celta 1994 A 2005;2325;1;0;A
Kit-2300;15925021377;Kit Reparo Trambulador Cambio Corsa Celta Com Liame;2302;1;4,9;A
KITFTK11001-MB;16035675312;BUCHA TRASEIRA DA BANDEJA DIANTEIRA L200 4X4 1995 A 2006;FTK11001-MB;4;0;A
77350/2316/24579046;15823818843;Cabo De Trambulador Corsa Classic 2005/2014;77350;1;0;A
77350/2316/24579046;15823854560;Kit Reparo Alavanca Câmbio Trambulador Celta 2005 Até 2014;2316;1;32;A
77350/2316/24579046;15823861491;Terminal Conector Cabo Trambulador Astra 2006 Em Diante;T1007;1;0;A
KIT-FTK279/82;16389412674;COIFA HOMOCINETICA LADO CAMBIO COBALT 1.8 2013 A 2016;FTK279;2;0;A
KIT-FTK279/82;16389412808;COIFA HOMOCINETICA LADO RODA COBALT 1.8 2013 EM DIANTE;FTK282;2;0;A
KIT-1212/14K;16333377887;COIFA HOMOCINETICA LADO RODA ETIOS 1.5 2012 EM DIANTE;FTK1212K;2;0;A
KIT-1212/14K;16333378055;COIFA HOMOCINETICA LADO CAMBIO ETIOS 2012 EM DIANTE;FTK1214K;2;0;A
KIT-FTK3321/22;16004844422;Coifa Semi Eixo Câmbio Ambos Lados Tipo 1.6 Todos Os Anos;FTK3321K;2;7;A
KIT-FTK3321/22;16006976418;Coifa Semi Eixo Lado Roda Strada 1996 A 2012;FTK3322K;2;0;A
KIT-FTK3320/21;16007614892;Coifa Homocinética Lado Câmbio Premio 1994 A 1996;FTK3320K;2;6,7;A
KIT-FTK3320/21;16004844422;Coifa Semi Eixo Câmbio Ambos Lados Tipo 1.6 Todos Os Anos;FTK3321K;2;7;A
KIT-FTK278/81;16389415096;COIFA HOMOCINETICA LADO RODA ONIX 2013 EM DIANTE;FTK281;2;0;A
KIT-FTK278/81;16389415053;COIFA HOMOCINETICA LADO CAMBIO ONIX 1.0 2013 A 2019;FTK278;2;0;A
KIT-FTK151/52K;16389413894;COIFA HOMOCINETICA LADO RODA COURIER 1.6 1999 A 2013;FTK151K;2;0;A
KIT-FTK151/52K;16389414086;COIFA HOMOCINETICA LADO CAMBIO COURIER 1.6 1999 A 2013;FTK152K;2;0;A
KIT-FTK3320/22;16007614892;Coifa Homocinética Lado Câmbio Premio 1994 A 1996;FTK3320K;2;6,7;A
KIT-FTK3320/22;16006976418;Coifa Semi Eixo Lado Roda Strada 1996 A 2012;FTK3322K;2;0;A
Kit-23079;16027210329;Pino Da Dobradiça da Porta Blazer e S10;23079;4;8,69;A
FTK220/093006;16257136848;COXIM DE AMORTECEDOR DIANTEIRO FIESTA 1996 A 2001;FTK220;2;0;A
FTK220/093006;16257139991;KIT AMORTECEDOR DIANTEIRO FIESTA KA;93006;2;0;A
FTK223/093007;16237915397;COXIM AMORTECEDOR TRASEIRO FIESTA 1996 A 2002;FTK223;1;0;A
FTK223/093007;16237915925;KIT AMORTECEDOR TRASEIRO FIESTA;93007;1;0;A
KIT-LT2212/13;16210649280;HASTE DO TRAMBULADOR 122MM PEUGEOT 206 1.0;LT2212;1;0;A
KIT-LT2212/13;16237917517;Haste do Trambulador Longo 279mm Peugeot 206 1.0;LT2213;1;0;A
KIT-LT5576/77;16237894798;HASTE DO TRAMBULADOR 230mm VW GOLF 1998 ATÉ 2001 AUDI A4 MOTOR 1.6;LT5577;2;0;A
KIT-LT5576/77;16257143792;HASTE DO TRAMBULADOR 105MM - Golf 98/01 - Audi A4 98/01 Motor 1.6;LT5576;1;0;A
kit-332052/53-gm001;15954796549;Morceguinho Dianteiro Corsa Lado Direito 1998 A 2003;332052;1;0;A
kit-332052/53-gm001;15953324853;Morceguinho Dianteiro Celta Lado Esquerdo 1998 A 2015;332053;1;17,5;A
Par-12152;15843961535;Pino Buchas Da Dobradiça Porta Corcel Del Rey Pampa Belina;12152;2;5,9;A
2kit-12152;15843961535;Pino Buchas Da Dobradiça Porta Corcel Del Rey Pampa Belina;12152;2;5,9;A
14097/99;15844535193;Pino Reparo Da Dobradiça Porta Uno Mille Ld Le 1986;14097;1;3;A
14097/99;15843948189;Pino Dobradiça Porta Uno Mille Ld Le 1991 1992;14099;1;3;A
14097-14099;15844535193;Pino Reparo Da Dobradiça Porta Uno Mille Ld Le 1986;14097;1;3;A
14097-14099;15843948189;Pino Dobradiça Porta Uno Mille Ld Le 1991 1992;14099;1;3;A
par-26048;15838784883;Kit Pino Guia Pinça De Freio Diant 1lado L200 Sport 2005;26048;2;20;A
70526/70541;15992353383;Kit Reparo Alavanca Câmbio Gol Cht Ap 1982 À 2005;70541;1;4,76;A
70526/70541;15992808688;Kit Alavanca Cambio Saveiro Cht Ap 1982 À 2005;70526;1;36;A
Par-PG002;15831140075;Reparo Rolamento Eixo Traseiro Pegeout 206 47mm 1999 a 2010;PG001;2;43;A
kit-PG001A;15912110334;Rolamento Eixo Traseiro Peugeot 207 Passion Com Barra 50mm;PG001A;2;46;A
kit-PG001A;15913001768;Bucha Eixo Traseiro 50mm Elimina Folga Pegeout 207 Passion;2280;2;15,5;A
GM001;15823841530;Kit Rolamento Roda Traseira Gol Saveiro  PARATI G1 a G5 Fox;VW001;1;13,22;A
KIT-vw001DT;15823841530;Kit Rolamento Roda Traseira Gol Saveiro  PARATI G1 a G5 Fox;VW001;2;13,22;A
KIT-vw001DT;15915002352;Rolamento Da Roda Dianteira Sem Abs Passat Gol Até 1994;nzt311315;2;32,26;A
KITVW001DT;15823841530;Kit Rolamento Roda Traseira Gol Saveiro  PARATI G1 a G5 Fox;VW001;2;13,22;A
KITVW001DT;15916661035;Rolamento Roda Dianteira Sem Abs Agile;nzt636114;2;32,18;A
KIT-GM001DT;15916661035;Rolamento Roda Dianteira Sem Abs Agile;nzt636114;2;32,18;A
KIT-GM001DT;15823841530;Kit Rolamento Roda Traseira Gol Saveiro  PARATI G1 a G5 Fox;VW001;2;13,22;A
PAR-2357/58;15823849698;Suporte Coxin Radiador Esquerdo Corsa Frente Montana 2002/12;2357;1;41;A
PAR-2357/58;15823850473;Suporte Coxin Radiador Direito Montana Antiga 2002 A 2012;2358;1;22,5;A
KITFTK11203/04-MB;16035004445;SUPORTE DIANTEIRO DA BANDEJA DIANTEIRA MERIVA 2002 A 2014;FTK11203-MB;2;0;A
KITFTK11203/04-MB;16034919118;BUCHA TRASEIRA DA BANDEJA DIANTEIRA MERIVA 2002 A 2013;FTK11204-MB;2;0;A
KIT-3025;15925730983;Suporte Do Para Choque Fusca;3025;4;0;A
LT5561/62;16119993308;TERMINAL DO CABO DE ENGATE 8 MM;LT5561;1;0;A
LT5561/62;16210621117;TERMINAL DO CABO DE ENGATE 10 MM VW;LT5562;1;0;A
2213/13;16257153035;TIRANTE EXTERNO DO CÂMBIO CURTO PEUGEOT 206 1.0;2212;2;0;A
2213/13;16257154913;TIRANTE EXTERNO DO CÂMBIO LONGO PEUGEOT 206 1.0;2213;1;0;A
2212/13;16257153035;TIRANTE EXTERNO DO CÂMBIO CURTO PEUGEOT 206 1.0;2212;1;0;A
2212/13;16257154913;TIRANTE EXTERNO DO CÂMBIO LONGO PEUGEOT 206 1.0;2213;1;0;A
2214/15;15881646589;Bieleta Haste Curta Trambulador Peugeot Partner;LT2214;2;9,5;A
2214/15;16257132432;TIRANTE EXTERNO DO CÂMBIO LONGO PEUGEOT 306;2215;1;0;A
PAR-FTK/PDA155;16274333466;AMORTECEDOR MOLA A GÁS PORTA MALAS CROSSFOX 2005 EM DIANTE;FTK/PDA155;2;0;A
PAR-FTK/PDA162;16274344409;AMORTECEDOR MOLA A GÁS PORTA MALAS FOCUS HATCH 2009 A 2013;FTK-PDA162;2;0;A
PAR-FTK/PDA50;16389461170;AMORTECEDOR MOLA A GÁS PORTA MALAS PEUGEOT 206 1999 A 2009;FTK-PDA50;2;0;A
PAR-FTK/PDA164;16274345909;AMORTECEDOR MOLA A GÁS PORTA MALAS SPACEFOX 2006 A 2012;FTK-PDA164;2;0;A
PAR-FTK/PDA163;16293615650;AMORTECEDOR MOLA A GÁS PORTA MALAS ZAFIRA 2001 EM DIANTE;FTK-PDA163;2;0;A
662024/25;15991862021;Bandeja Clio Inferior Direito 2005 Á 2016 Sem Pivô;662024;1;0;A
662024/25;15991860633;Bandeja Clio Inferior Esquerdo 2005 Á 2016 Sem Pivô;662025;1;0;A
552014/15;15963815230;Bandeja 307 2002 Á 2012 Lado Direito;552014;1;71,25;A
552014/15;15963816145;Bandeja C4 Esquerdo 2006 Á 2014;552015;1;0;A
PAR332144;15986898568;Bandeja Ambos Lados Tracker 1.4 Lt Ltz 2017 A 2020;332144;2;0;A
Par332014/15;15965339328;Bandeja Balança Lado  Direito Corsa Classic Sem Pivô 98 A 2016;332014;1;0;A
Par332014/15;15965339405;Bandeja Balança Esquerdo Montana Sem Pivô 2010 A 2015;332015;1;0;A
772223/24;16161863798;Bandeja Dianteira Direita com pivô Lancer 2011 À 2019;772223;1;0;A
772223/24;16161861719;Bandeja Dianteira Esquerda comPivô Lancer 2011 À 2019;772224;1;0;A
par332010/11;15965369236;Bandeja Balança Direito Corsa Classic Sem Pivô 1994 A 1998;332010;1;0;A
par332010/11;15965369686;Bandeja Balança Esquerdo Corsa Classic Sem Pivô 1994 A 98;332011;1;0;A
772033/34;16240464752;BANDEJA COROLLA 01/08, FIELDER 05/08 - inferior LE;772033;1;0;A
772033/34;16240371321;BANDEJA COROLLA 01/08, FIELDER 05/08 - inferior LD;772034;1;0;A
662030/31;15973682187;Bandeja Direita Com Pivô New Megane 2007 Em Diante;662030;1;26,08;A
662030/31;15973698149;Bandeja Esquerda Com Pivô Megane Grand Tour 2006 A 2012;662031;1;84,88;A
PAR-772196197;16389457928;bandeja classe a 1996 a 2005;772196197;2;0;A
PAR-442061;15975625419;Bandeja Direita Com Bucha  AUDI1996 A 2006;442061;2;40,73;A
PAR442067/68;15979367647;Bandeja Van 1998 Á 2003;442066;2;40,73;A
PAR442067/68;15996974942;Pivô Bandeja Inferior Dianteira Ambos Os Lados Polo 96 À 02;FTK11019;2;0;A
KIT222014/15-5014;15915282540;Bieleta Dianteira Ranger 1999 A 2011 Le;5014;2;18,63;A
KIT222014/15-5014;15963446403;Bandeja Superior Esquerda Com Pivô Ranger 1998 A 2011;222015;1;60,52;A
KIT222014/15-5014;15963463067;Bandeja Superior Direita Com Pivô Ranger 1998 A 2011;222014;1;60,52;A
par442092-5307;15884298263;Bieleta Dianteira Vw Voyage 2008 Até 2016 Todas Versões;5307;2;17,39;A
par442092-5307;15957024272;Bandeja Sem Pivô Lado Esquerdo Gol G5 2008 Em Diante;442090;1;39,9;A
par442092-5307;15956955830;Bandeja Sem Pivô Lado Direito Saveiro G5 2008 Em Diante;442091;1;34,9;A
par442092-5307;15958643417;Pivô Lado Esquerdo Crossfox 2014 Em Diante;FTK11057;1;0;A
par442092-5307;15958548891;Pivô Lado Direito Crossfox 2014 Em Diante;FTK11056;1;0;A
PAR332092-5233;15884291448;Bieleta Dianteira Onix Modelo Novo 2020;5233;2;19,25;A
PAR332092-5233;16008825466;Pivô Bandeja Cobalt 2011 Em Diante;FTK00311;2;0;A
PAR332092-5233;15962222928;Bandeja Inferior Direito Joy 2020 Em Diante Sem Pivô;332090;1;0;A
PAR332092-5233;15962223143;Bandeja Inferior Esquerdo Joy 2020 Em Diante Sem Pivô;332091;1;0;A
PAR442055/FTK11008-9;15959157204;BANDEJA GOL PARATI SAVEIRO VOYAGE 1993 a 2008 BOLA;442055;2;0;A
PAR442055/FTK11008-9;16332622655;PIVÔ INFERIOR ESQUERDO GOL 1997 A 2008 DIREÇÃO HIDRAULICA;FTK11009;1;0;A
PAR442055/FTK11008-9;16332566936;PIVÔ INFERIOR DIREITO GOL 1997 A 2008 DIREÇÃO HIDRAULICA;FTK11008;1;0;A
PAR442055/FTK11010;15959157204;BANDEJA GOL PARATI SAVEIRO VOYAGE 1993 a 2008 BOLA;442055;2;0;A
PAR442055/FTK11010;16335164505;PIVÔ INFERIOR GOL 1997 A 2008;FTK11010;2;0;A
PAR112106/7;15963630951;Bandeja Direita Sem Pivô Mobi 2016 Em Diante s/barra;112108;1;0;A
PAR112106/7;15986294370;Bandeja Esquerda Sem Pivô Palio 2012 Em Diante S/barra;112109;1;0;A
PAR112106/7;15990829480;Pivô Inferior Ambos Lados Grand Siena 2012 A 2021;FTK11032;2;0;A
par332092/93;15962223143;Bandeja Inferior Esquerdo Joy 2020 Em Diante Sem Pivô;332091;1;0;A
par332092/93;15962222928;Bandeja Inferior Direito Joy 2020 Em Diante Sem Pivô;332090;1;0;A
par332092/93;16008825466;Pivô Bandeja Cobalt 2011 Em Diante;FTK00311;2;0;A
par662030/31;15973682187;Bandeja Direita Com Pivô New Megane 2007 Em Diante;662030;1;26,08;A
par662030/31;15973698149;Bandeja Esquerda Com Pivô Megane Grand Tour 2006 A 2012;662031;1;84,88;A
par772102/3;15960958816;Bandeja Com Pivô Lado Esquerdo Nissan Versa  2011 Em Diante;772102;1;0;A
par772102/3;15960979860;Bandeja Com Pivô Lado Direito Nissan March 2011 Em Diante;772103;1;60,04;A
par112074/75;15964131202;Bandeja Palio Weekend Adventure Locker Ld 2009 Á 2021;112074;1;53,17;A
par112074/75;15964036867;Bandeja Inferior Esquerda Com Pivô Idea Adventure 2006á2016;112075;1;0;A
par662052/53;15965233084;Bandeja Com Pivô Direita Logan 2004 Em Diante;662052;1;52,88;A
par662052/53;15963392831;Bandeja Com Pivô Esquerda Sandero 2006 Em Diante;662053;1;50,88;A
PAR112058/59;15962210024;Bandeja Direita Sem Pivô Idea/doblo/palio/siena/strada/fiorino;112056;1;53,17;A
PAR112058/59;16037288538;Bandeja Esquerda Sem Pivô Idea/doblo/palio/siena/strada/fiorino;112057;1;0;A
PAR112058/59;15996360856;Pivô Inferior Direita Palio Weekend Adventure 2009 A 2017;FTK11052;1;0;A
PAR112058/59;15996326134;Pivô Inferior Esquerdo Strada Adventure Locker 2009 A 2017;FTK11053;1;0;A
PAR332145/46;15986854532;Bandeja Esquerda Com Pivô Tracker 1.4 Turbo 2017 A 2020;332145;1;0;A
PAR332145/46;15986865079;Bandeja Direita Com Pivô Tracker 1.4 Turbo 2017 A 2020;332146;1;0;A
112106/07;15990829480;Pivô Inferior Ambos Lados Grand Siena 2012 A 2021;FTK11032;2;0;A
112106/07;15963630951;Bandeja Direita Sem Pivô Mobi 2016 Em Diante s/barra;112108;1;0;A
112106/07;15986294370;Bandeja Esquerda Sem Pivô Palio 2012 Em Diante S/barra;112109;1;0;A
772146/47;15963637485;Bandeja Lado Direito Hb20 Sedan Manual;772146;1;68,89;A
772146/47;15963637750;Bandeja Lado Esquerdo Hb20 Manual 2012 A 2019;772147;1;68,89;A
PAR442066;15979367647;Bandeja Van 1998 Á 2003;442066;2;40,73;A
442092-3;15956955830;Bandeja Sem Pivô Lado Direito Saveiro G5 2008 Em Diante;442091;1;34,9;A
442092-3;15957024272;Bandeja Sem Pivô Lado Esquerdo Gol G5 2008 Em Diante;442090;1;39,9;A
442092-3;15958548891;Pivô Lado Direito Crossfox 2014 Em Diante;FTK11056;1;0;A
442092-3;15958643417;Pivô Lado Esquerdo Crossfox 2014 Em Diante;FTK11057;1;0;A
772090/91;16257407139;BANDEJA DIANTEIRA DIREITA COM PIVÔ MONDEO 1994 A 2001;772090;1;0;A
772090/91;16257407733;BANDEJA DIANTEIRA ESQUERDA COM PIVÔ MONDEO 1994 A 2001;772091;1;0;A
Par-222032/33;16237861604;BANDEJA DIREITA C/ PIVÔ COURIER 2000 A 2003;222032;1;0;A
Par-222032/33;16237861950;BANDEJA ESQUERDA C/ PIVÔ COURIER 2000 A 2003;222033;1;0;A
Par662046/47;16001173928;Bandeja Dianteira Direita Com Pivô Logan 2014 A 2019;662046;1;52,88;A
Par662046/47;16001178797;Bandeja Dianteira Esquerda Com Pivô Sandero 2014 A 2019;662047;1;50,88;A
PAR662024/25;15991862021;Bandeja Clio Inferior Direito 2005 Á 2016 Sem Pivô;662024;1;0;A
PAR662024/25;15991860633;Bandeja Clio Inferior Esquerdo 2005 Á 2016 Sem Pivô;662025;1;0;A
PAR662022/23;15986710643;BANDEJA LD CLIO II 1.0, 1.6 98/05, KANGOO, SYMBOL 1.6 8/16V 09/ - COM PIVO;662022;1;0;A
PAR662022/23;15986711342;BANDEJA LE CLIO II 1.0, 1.6 98/05, KANGOO, SYMBOL 1.6 8/16V 09/ - COM PIVO;662023;1;0;A
112102/03;15999114182;Bandeja Dianteira Esquerda Com Pivô Fiat Linea 2009 A 2014;112103;1;66,21;A
112102/03;15999111084;Bandeja Dianteira Direita Com Pivô Fiat Punto 2006 A 2014;112102;1;78,21;A
222053/54;15995687153;Bandeja Dianteira Direita Com Pivô Fiesta 2003 A 2009;222053;1;0;A
222053/54;15995689167;Bandeja Dianteira Esquerda Com Pivô Fiesta 2003 A 2009;222054;1;0;A
PAR-662068/69;16007157337;Bandeja Dianteira Lado Esquerdo Com Pivô Fluence 2011 À 2018;662068;1;0;A
PAR-662068/69;16007168666;Bandeja Dianteira Lado Direito Com Pivô Fluence 2011 À 2018;662069;1;0;A
PAR-662068/69;15997753138;Pivô Bandeja Dianteira Ambos Os Lados Fluence 2011 Em Diante;FTK00606;1;0;A
772007/08;15989828652;Bandeja Dianteira Esquerda Com Pivô Fit /City;772007;1;0;A
772007/08;15989829527;Bandeja Dianteira Direita Com Pivô Honda Fit 2009 A 2013;772008;1;0;A
772148/49;16008389849;Bandeja Dianteira Direita Sem Pivô Sportage 2011 A 2022;772058;1;0;A
772148/49;16008391520;Bandeja Dianteira Esquerda Sem Pivô Sportage 2011 A 2022;772059;1;0;A
772148/49;16008488087;Pivô Da Bandeja Dianteira Ambos Lados Sportage 2010 A 2015;FTK22104;2;0;A
PAR-882002/03;15999271414;Bandeja Dianteira Esquerdo Com Pivô J3 2011 À 2015;882003;1;0;A
PAR-882002/03;15999268972;Bandeja Dianteira Direita Com Pivô J3 2011 À 2015;882002;1;0;A
662070/71;15997107300;Bandeja Dianteira Direita Com Pivô Oroch 2012 A 2016;662070;1;0;A
662070/71;15997109775;Bandeja Dianteira Esquerda Com Pivô Oroch 2012 A 2016;662071;1;0;A
442096/97;15963721722;Bandeja Inferior Ambos Os Lados  Polo Sedan 2002 Á 2022;442095;2;0;A
442096/97;16001274071;Pivô Bandeja Dianteira Direita Spacefox 2006 A 2010;FTK11042;1;0;A
442096/97;16001278981;Pivô Bandeja Dianteira Esquerda Fox 2003 A 2014;FTK11043;1;0;A
112132/33;15999205823;Bandeja Dianteira Esquerda Com Pivô Linea 2008 A 2016;112133;1;0;A
112132/33;15999207964;Bandeja Dianteira Direita Com Pivô Punto 2008 A 2017;112132;1;0;A
112117/18;15976866584;Bandeja Inferior Ambos Lados Toro 4x4 Sem Pivô 2016 A 2020;112116;2;0;A
112117/18;15999951050;Pivô Bandeja Dianteira Ambos Os Lados Compass 2015 A 2020;FTK22404;2;0;A
662046/47;16001173928;Bandeja Dianteira Direita Com Pivô Logan 2014 A 2019;662046;1;52,88;A
662046/47;16001178797;Bandeja Dianteira Esquerda Com Pivô Sandero 2014 A 2019;662047;1;50,88;A
552019/20;15972603588;Bandeja Dianteira Esquerda Xsara 1995 A 2004;552019;1;56,82;A
552019/20;16300602933;BANDEJA DIANTEIRA DIREITA XSARA 1995 A 2004 COM PIVÔ;552020;1;56,82;A
PAR442055;15959157204;BANDEJA GOL PARATI SAVEIRO VOYAGE 1993 a 2008 BOLA;442055;2;0;A
772040/41;16041861815;BANDEJA DIANTEIRA ESQUERDA HILUX 2005 A 2015 COM PIVÔ;772041;1;0;A
772040/41;16041383377;BANDEJA DIANTEIRA DIREITA HILUX 2005 A 2015 COM PIVÔ;772040;1;0;A
Par-772042/43;16237860279;BANDEJA ESQUERDA S/ PIVÔ HILUX 2005 ATÉ 2015;772043;1;0;A
Par-772042/43;16237859738;BANDEJA DIREITA S/ PIVÔ HILUX 2005 ATÉ 2015;772042;1;0;A
332116/17;15995007191;Bandeja Dianteira Inferior Direita Com Pivô Daewoo E 94 À 98;332116;1;0;A
332116/17;15995053755;Bandeja Dianteira Inferior Esquerda Com Pivô Daewoo 97 À 02;332117;1;0;A
332125/26;16389456207;BANDEJA DIANTEIRA DIREITA INFERIOR COM PIVÔ S10 1995 Á 2011 BLAZE 1995 Á 2011;332125;1;0;A
332125/26;16042027838;BANDEJA INFERIOR ESQUERDA COM PIVÔ S10 4X4 1996 A 2000;332126;1;0;A
772237/38;16333371729;BANDEJA DIANTEIRA INFERIOR DIREITA FRONTIER 2008 Á 2016;772237;1;0;A
772237/38;16333372002;BANDEJA DIANTEIRA INFERIOR ESQUERDA FRONTIER 2008 Á 2016;772238;1;0;A
662010/11;15963821733;Bandeja Inferior Direita Sem Pivô Kwid 2017 Em Diante;662010;1;0;A
662010/11;15963822105;Bandeja Inferior Esquerda Sem Pivô Kwid 2017 Em Diante;662011;1;0;A
PAR662010/11;15963821733;Bandeja Inferior Direita Sem Pivô Kwid 2017 Em Diante;662010;1;0;A
PAR662010/11;15963822105;Bandeja Inferior Esquerda Sem Pivô Kwid 2017 Em Diante;662011;1;0;A
772221/22;15998453250;Bandeja Dianteira Direita Sem Pivô Lancer 2011 À 2019;772221;1;0;A
772221/22;15998462572;Bandeja Dianteira Esquerda Sem Pivô Lancer 2011 À 2019;772222;1;0;A
772233/34;16237877146;BANDEJA DIREITA JOURNEY 2009 ATÉ 2015 FREEMONT 2011 ATÉ 2016;772233;1;0;A
772233/34;16237877392;BANDEJA ESQUERDA JOURNEY 2009 ATÉ 2015 FREEMONT 2011 ATÉ 2016;772234;1;0;A
PAR-332024;16319444489;BANDEJA DIANTEIRA DIREITA MONZA 1991 A 1996 SEM PIVÔ;332024;2;0;A
772170/71;16237866039;BANDEJA INFERIOR DIREITA C/ PIVÔ PICANTO 2011 ATÉ 2020;772170;1;0;A
772170/71;16237866303;BANDEJA INFERIOR ESQUERDA C/ PIVÔ PICANTO 2011 ATÉ 2020;772171;1;0;A
PAR442056;15959152190;Bandeja Dianteira Direita Quantum 1985 A 1988 Sem Pivô;442056;2;0;A
PAR-772161/62;16237860772;BANDEJA DIREITA S/ PIVÔ GRAND SANTA FÉ 2014 2015;772161;1;0;A
PAR-772161/62;16237861071;BANDEJA ESQUERDA S/ PIVÔ GRAND SANTA FÉ 2014 2015;772162;1;0;A
PAR-332151/52;16274319645;BANDEJA DIANTEIRA DIREITA S10 2012 A 2016 COM PIVÔ;332151;1;0;A
PAR-332151/52;16274319866;BANDEJA DIANTEIRA ESQUERDA S10 2012 A 2016 COM PIVÔ;332152;1;0;A
par442060;15975651066;Bandeja Inferior Sem Pivô Quantum 1988 A 2002;442060;2;40,73;A
772138/39;16002933294;Bandeja Dianteira Direita Sem Pivô Civic 2011 A 2016;772138;1;0;A
772138/39;16002936419;Bandeja Dianteira Esquerda Sem Pivô Civic 2011 A 2016;772139;1;0;A
PAR-882161/62;16389459773;BANDEJA DIANTEIRA DIREITA SEM PIVÔ GRAND SANTA FÉ 2014 2015;882161;1;0;A
PAR-882161/62;16389459803;BANDEJA DIANTEIRA ESQUERDA SEM PIVÔ GRAND SANTA FÉ 2014 2015;882162;1;0;A
772005/06;15989772675;Bandeja Dianteira Esquerda Sem Pivô Honda City 2009 A 2013;772005;1;0;A
772005/06;15989801558;Bandeja Dianteira Direita Sem Pivô Honda Fit 2009 A 2013;772006;1;0;A
772058/59;16008389849;Bandeja Dianteira Direita Sem Pivô Sportage 2011 A 2022;772058;1;0;A
772058/59;16008391520;Bandeja Dianteira Esquerda Sem Pivô Sportage 2011 A 2022;772059;1;0;A
662050/51;15962538355;Bandeja Dianteira Direita Sem Pivô Logan 2008 A 2013;662050;1;0;A
662050/51;15962543961;Bandeja Dianteira Esquerda Sem Pivô Sandero 2008 A 2014;662051;1;0;A
112100/01;16002994488;Bandeja Dianteira Direita Sem Pivô Punto 2006 A 2014;112100;1;66,21;A
112100/01;15974672142;Bandeja Traseira Uno R Motor 1.5 1987 1988;112001;1;32,37;A
662048/49;15962823813;Bandeja Dianteira Direita Sem Pivô Sandero 2014 A 2019;662048;1;0;A
662048/49;15962823136;Bandeja Dianteira Esquerda Sem Pivô Sandero 2014 A 2019;662049;1;0;A
772110/11;15989202611;Bandeja Dianteira Direita Com Pivô Sentra 2007 A 2012;772110;1;0;A
772110/11;15989209188;Bandeja Dianteira Esquerda Sentra 2007 A 2012 Com Pivô;772111;1;0;A
772235/36;16333374641;BANDEJA DIANTEIRA SUPERIOR DIREITA FRONTIER 2008 Á 2016;772235;1;0;A
772235/36;16333375227;BANDEJA DIANTEIRA SUPERIOR ESQUERDA FRONTIER 2008 Á 2016;772236;1;0;A
PAR112016/17;16257165297;BANDEJA DIANTEIRA ESQUERDA TEMPRA 1992 A 1999 SEM PIVÔ;112016;1;0;A
PAR112016/17;16257165406;BANDEJA DIANTEIRA DIREITA TEMPRA 1992 A 1999 SEM PIVÔ;112017;1;0;A
PAR-332080;15978053118;Bandeja Dianteira Astra Sem Pivô 1999 Á  2011;332080;2;0;A
PAR442050;15959154375;Bandeja Dianteira Ambos Lados Parati 1993 A 2008;442050;2;0;A
par552002-5701;15955570878;Bandeja Esquerda Peugeot 207 Exceto Sw 08 Em Diante C Pivô;552001;1;65;A
par552002-5701;15955673732;Bandeja Lado Direito Peugeot 206 Todos 1999 A 2010 Com Pivô;552002;1;65;A
par552002-5701;15910926346;Bieleta Dianteira Ambos Os Lados Aircross 2012 A 2016;5701;2;17,39;A
PAR-112064/65;16240470128;Bandeja Inferior Direita C/ Pivô Strada 1998;112064;1;0;A
PAR-112064/65;16240470572;Bandeja Inferior Esquerda C/ Pivô Strada 1998;112065;1;0;A
772001/02;15963829614;Bandeja Fit Inferior Direito 2003 Á 2008 Sem Pivô;772001;1;0;A
772001/02;15963829961;Bandeja Fit Inferior Esquerdo 2003 Á 2008 Sem Pivô;772002;1;0;A
662040/41;15964041367;Bandeja Fluence Lado Direito 2011 Á 2018;662040;1;0;A
662040/41;15964041506;Bandeja Fluence Lado Esquerdo 2011 Á 2018;662041;1;0;A
PAR772144/45P;15969230886;BANDEJA LADO DIREITO HB20;772144P;1;275,9;A
PAR772144/45P;15969430434;BANDEJA LADO ESQUERDO HB20 HATCH 2012 A 2019;772145P;1;0;A
772144/45;16008825765;Bandeja Lado Direito Hb20 Sedan Automático 2012 Á 2019;772144;1;0;A
772144/45;16008825770;Bandeja Lado Esquerdo Hb20 Hatch Automático;772145;1;0;A
PAR552030/31;15971366992;BANDEJA INFERIOR ESQUERDO PEUGEOT PARTNER 1999 A 2008;552030;1;62,63;A
PAR552030/31;15972327038;Bandeja Inferior Direito Berlingo 1999 Em Diante;552031;1;62,63;A
112092/93;16004530637;BANDEJA INFERIOR  LADO DIREITO  BRAVO COM PIVÔ;112092;1;0;A
112092/93;16004531523;BANDEJA INFERIOR  LADO ESQUERDO BRAVO COM PIVÔ;112093;1;0;A
Par-552032/33;15991593906;BANDEJA INFERIOR LD C3/AIRCROSS/208 2012 Á 2022;552032;1;0;A
Par-552032/33;15991596898;BANDEJA INFERIOR LE C3/AIRCROSS/208 2012 Á 2022;552033;1;0;A
PAR-332118/19;16237858207;BANDEJA INFERIOR DIREITA C/ PIVÔ CRUZE 2017 ATÉ 2021;332118;1;0;A
PAR-332118/19;16237858659;BANDEJA INFERIOR ESQUERDA C/ PIVÔ CRUZE 2017 ATÉ 2021;332119;1;0;A
PAR-222102/03;16237871465;BANDEJA INFERIOR DIREITA C/ PIVÔ FOCUS 2009 ATÉ 2012;222102;1;0;A
PAR-222102/03;16237871665;BANDEJA INFERIOR ESQUERDA C/ PIVÔ FOCUS 2009 ATÉ 2012;222103;1;0;A
PAR-442058/59;16237872557;BANDEJA INFERIOR DIREITA C/ PIVÔ QUANTUM 1988 ATÉ 2006;442058;1;0;A
PAR-442058/59;16237872749;BANDEJA INFERIOR ESQUERDA C/ PIVÔ QUANTUM 1988 ATÉ 2006;442059;1;0;A
332136/37;16389416635;Bandeja Inferior Opala 1980 Até 1992 Lado Direito;332136;1;0;A
332136/37;16389416882;Bandeja Inferior Opala 1980 Até 1992 Lado Esquerdo;332137;1;0;A
442118/19;16042080837;BANDEJA INFERIOR DIREITA COM PIVÔ AMAROK 2010 A 2020 2.0;442118;1;0;A
442118/19;16042498303;BANDEJA INFERIOR ESQUERDA COM PIVÔ AMAROK 2010 A 2020 2.0;442119;1;0;A
PAR-332076/77;16319441130;BANDEJA INFERIOR DIREITA COM PIVÔ ASTRA 1995 1996;332076;1;0;A
PAR-332076/77;16319441278;BANDEJA INFERIOR ESQUERDA COM PIVÔ ASTRA 1995 1996;332077;1;0;A
332081/82;16042528477;BANDEJA INFERIOR DIREITA COM PIVÔ ASTRA 1999 A 2011;332081;1;0;A
332081/82;16042547443;BANDEJA INFERIOR ESQUERDA COM PIVÔ ASTRA 1999 A 2011;332082;1;0;A
552012/13;15991264629;Bandeja Inferior C3 Lado Direito Com Pivô;552012;1;0;A
552012/13;15991280006;Bandeja Inferior C3 Lado Esquerdo Com Pivô;552013;1;0;A
par772027/28;15974607887;Bandeja Inferior Direita Sem Pivô New Civic 2007 A 2011;772026;1;0;A
par772027/28;15985307355;Bandeja Inferior Esquerda Com Pivô New Civic 2007 A 2011;772027;1;0;A
par772027/28;15995544416;Pivô Da Bandeja Inferior Lado Direito New Civic 2006 A 2011;ftk22002;1;0;A
par772027/28;15995545028;Pivô Da Bandeja Inferior Lado Esquerdo New Civic 2006 A 2011;ftk22003;1;0;A
222308/09;16041976893;BANDEJA INFERIOR DIREITA COM PIVÔ EDGE 2008 A 2015;222308;1;0;A
222308/09;16041992179;BANDEJA INFERIOR ESQUERDA COM PIVÔ EDGE 2008 A 2015;222309;1;0;A
PAR442084/85;15988487703;Bandeja Inferior Direita Com Pivô Escort 1997 A 2003;442084;1;0;A
PAR442084/85;15988502127;Bandeja Inferior Esquerda Com Pivô Escort 1997 A 2003;442085;1;0;A
772246/47;16041929765;BANDEJA INFERIOR DIREITA COM PIVÔ ETIOS 2012 A 2018;772246;1;0;A
772246/47;16041946627;BANDEJA INFERIOR ESQUERDA COM PIVÔ ETIOS 2012 A 2018;772247;1;0;A
112058/59;16042526739;Bandeja Com Pivô Direita Fiorino /Palio /Doblo /Idea...;112058;1;53,17;A
112058/59;16037240707;Bandeja Inferior Esquerda Com Pivô Fiorino/Palio/Doblo/Idea;112059;1;0;A
772003/04;15987977575;Bandeja Inferior Esquerda Com Pivô Fit 2003 A 2007;772003;1;0;A
772003/04;15987986659;Bandeja Inferior Direita Com Pivô Fit 2003 A 2007;772004;1;0;A
772056/57;15972920870;Bandeja Direita Inferior Com Pivô I30 2008 A 2012;772056;1;0;A
772056/57;15972923307;Bandeja Esquerda Inferior Com Pivô Kia Cerato 2009 Em Diante;772057;1;0;A
112126/27;15962214803;Bandeja Inferior Direita Com Pivô Idea Elx 2005 A 2016;112126;1;0;A
112126/27;15962211157;Bandeja Inferior Esquerda Com Pivô Idea Elx 2005 A 2016;112127;1;0;A
par112126/27;15962214803;Bandeja Inferior Direita Com Pivô Idea Elx 2005 A 2016;112126;1;0;A
par112126/27;15962211157;Bandeja Inferior Esquerda Com Pivô Idea Elx 2005 A 2016;112127;1;0;A
PAR772172/73;15987380840;Bandeja Inferior Direita Com Pivô Kia Soul 2009 A 2014;772172;1;0;A
PAR772172/73;15987364289;Bandeja Inferior Esquerda Com Pivô Kia Soul 2009 A 2014;772173;1;76,59;A
PAR-772230/31;16237862597;BANDEJA DIREITA C/ PIVÔ KICKS 2016 A 2020;772230;1;0;A
PAR-772230/31;16237862735;BANDEJA ESQUERDA C/ PIVÔ KICKS 2016 A 2020;772231;1;0;A
662012/13;15984581719;Bandeja Inferior Direita Com Pivô Kwid 2017 Em Diante;662012;1;56,67;A
662012/13;15984593879;Bandeja Inferior Esquerda Com Pivô Kwid 2017 Em Diante;662013;1;56,67;A
PAR662012/13;15984581719;Bandeja Inferior Direita Com Pivô Kwid 2017 Em Diante;662012;1;56,67;A
PAR662012/13;15984593879;Bandeja Inferior Esquerda Com Pivô Kwid 2017 Em Diante;662013;1;56,67;A
PAR332067/68;15988026662;Bandeja Inferior Esquerda Com Pivô Montana 2003 A 2010;332067;1;0;A
PAR332067/68;15988039781;Bandeja Inferior Direita Com Pivô Meriva 2003 A 2012;332068;1;0;A
PAR772106/07;15974106430;Bandeja Inferior Direito Com Pivô Livina 2009 A 2014;772106;1;0;A
PAR772106/07;15973818526;Bandeja Inferior Esquerdo Com Pivô  Livina 2010 Á 2014;772107;1;0;A
552032/33;15963778923;Bandeja Direita Sem Pivô Citroen Ds3 2012 A 2016;552010;1;0;A
552032/33;15963779367;Bandeja Esquerda Sem Pivô C3 Picasso 2011 A 2015;552011;1;0;A
552032/33;16091761919;Pivô Da Bandeja Inferior Peugeot 208 2013 A 2022;FTK00903;2;0;A
772152/53;15990471278;Bandeja Inferior Direito Com Pivô Santa Fé 2006 À 2011;772152;1;105,52;A
772152/53;15990504127;Bandeja Inferior Esquerdo Com Pivô Santa Fé 2006 À 2011;772153;1;0;A
PAR442104/5;15985371573;Bandeja Inferior Direito Sem Pivô Passat Cc 2009 2010;442104;1;0;A
PAR442104/5;15985388969;Bandeja Inferior Esquerdo Sem Pivô Passat 2012 A 2015;442105;1;0;A
442106/07;15986177645;Bandeja Inferior Direito Com Pivô Volkswagen Cc 2010 A 2017;442106;1;146,28;A
442106/07;15986192908;Bandeja Inferior Esquerda Com Pivô Tiguan 2010 A 2017;442107;1;0;A
PAR112116;15976866584;Bandeja Inferior Ambos Lados Toro 4x4 Sem Pivô 2016 A 2020;112116;2;0;A
PAR442080;15975028446;Bandeja Inferior Del Rey 1984 A 1997;442080;2;0;A
772029/30;15978876888;Bandeja Esquerda Inferior Corolla 1997 A 2002 Sem Pivô;772029;1;0;A
772029/30;15978893509;Bandeja Direita Inferior Corolla 1997 A 2002 Sem Pivô;772030;1;0;A
772130/31;16301012695;BANDEJA INFERIOR DIREITA CRV  2012 Á 2014 SEM PIVÔ;772130;1;0;A
772130/31;16301012887;BANDEJA INFERIOR ESQUERDA CRV  2012 Á 2014 SEM PIVÔ;772131;1;0;A
112124/25;16237867338;BANDEJA INFERIOR ESQUERDA C/ PIVÔ ARGO CRONOS STRADA;112125;1;0;A
112124/25;16237867180;BANDEJA INFERIOR DIREITA C/ PIVÔ ARGO CRONOS STRADA;112124;1;0;A
PAR-222312/13;16274318112;BANDEJA INFERIOR DIREITA COM PIVÔ FOCUS 2013 A 2018;222312;1;0;A
PAR-222312/13;16274318292;BANDEJA INFERIOR DIREITA COM PIVÔ FOCUS 2013 A 2018;222313;1;0;A
662060/61;15963823953;Bandeja Inferior Duster Lado Passageiro 2011 Á 2014 Sem Pivô;662060;1;0;A
662060/61;15975087955;Bandeja Inferior Duster Lado Motorista 2011 Á 2014 Sem Pivô;662061;1;0;A
PAR222076/77;15978806791;Bandeja Inferior Direito Ecosport Com Pivô 2012 Em Diante;222076;1;0;A
PAR222076/77;15978818458;Bandeja Inferior Esquerdo Ecosport Com Pivô;222077;1;0;A
112012/13;15984592691;Bandeja Inferior Direito Fiat Marea Weekend;112012;1;65;A
112012/13;15986923316;Bandeja Inferior Esquerda Fiat Coupe 1995 A 1996;112013;1;65;A
112010/11;15973031521;BANDEJA INFERIOR DIREITA FIAT TEMPRA TIPO 1993 A 1997;112010;1;65;A
112010/11;15970496021;BANDEJA INFERIOR ESQUERDA FIAT TEMPRA TIPO 1993 A 1997;112011;1;65;A
222104/05;15977227406;Bandeja Fiesta 2008 A 2014 Lado Direito Com Pivo;222104;1;63,66;A
222104/05;15977229349;Bandeja Fiesta 2008 A 2014 Lado Esquerdo Com Pivo;222105;1;0;A
222072/73;15976742515;Bandeja Fiesta 2008 A 2014 Lado Esquerdo Sem Pivo;222073;1;0;A
222072/73;15976705030;Bandeja Fiesta 2008 A 2014 Lado Direito Sem Pivo;222072;1;0;A
772256/57;16365937817;BANDEJA INFERIOR LADO DIREITO HONDA ACCORD 2003 A 2007 NÃO EXPORTAR;772256;1;65;A
772256/57;16365938790;BANDEJA INFERIOR LADO ESQUERDO HONDA ACCORD 2003 A 2007 NÃO EXPORTAR;772257;1;65;A
PAR222061/62;15976632462;Bandeja Inferior Esquerdo Ka Direção Hidráulica 08 Á 13 Sem Pivo;222061;1;0;A
PAR222061/62;15976645195;Bandeja Inferior Direito Ka Direção Hidráulica  08 Á 13 Sem Pivo;222062;1;0;A
993016/17;16257156620;BANDEJA INFERIOR DIREITA LIFAN FOISON;993016;1;0;A
993016/17;16257157694;BANDEJA INFERIOR ESQUERDA LIFAN FOISON;993017;1;0;A
PAR772214/15;15975073768;Bandeja Inferior Direito Pajero Tr4 Sem Pivô 2000 Á 2014;772214;1;0;A
PAR772214/15;15975061722;Bandeja Inferior Esquerda Pajero Tr4 Sem Pivô 2000 Á 2014;772215;1;0;A
112030/31;15985323970;Bandeja Direita Siena 1997 Á 2001 Com Pivô Com Barra ANTIGO;112030;1;0;A
112030/31;15985354933;Bandeja Inferior Esquerdo Siena 1997 Á 2001 Com Pivô Com Barra ANTIGO;112031;1;0;A
112024/25;15986221797;Bandeja Direita Palio 1996 Á 2001 Com Pivô Sem Barra ANTIGO;112024;1;67,02;A
112024/25;15986180311;Bandeja  Esquerda Siena 1997 Á 2001 Com Pivô Sem Barra;112025;1;69,02;A
552030/1;15971366992;BANDEJA INFERIOR ESQUERDO PEUGEOT PARTNER 1999 A 2008;552030;1;62,63;A
552030/1;15972327038;Bandeja Inferior Direito Berlingo 1999 Em Diante;552031;1;62,63;A
PAR-332074/75;16301014861;BANDEJA INFERIOR DIREITA SEM PIVÔ ASTRA 1995 1996;332074;1;0;A
PAR-332074/75;16301014945;BANDEJA INFERIOR ESQUERDA SEM PIVÔ ASTRA 1995 1996;332075;1;0;A
552017/18;16041310641;BANDEJA INFERIOR ESQUERDA SEM PIVÔ BERLINGO 1998 A 2007;552017;1;0;A
552017/18;16041270582;Bandeja Inferior Direita Sem Pivô Zx 1992 A 1998;552018;1;0;A
PAR-772021/22;16319449116;BANDEJA INFERIOR DIREITA SEM PIVÔ CIVIC 2001 A 2006;772021;1;0;A
PAR-772021/22;16185212116;BANDEJA INFERIOR ESQUERDA SEM PIVÔ CIVIC 2001 A 2006;772022;1;0;A
PAR442083;15963811178;Bandeja Inferior Ambos Lados Verona 1993 A 1996 Sem Pivô;442083;2;0;A
par772054/55;15969938886;Bandeja Direita Inferior Sem Pivô Kia Cerato 2009 Em Diante;772054;1;0;A
par772054/55;15969955744;Bandeja Esquerda Inferior Sem Pivô I30 2008 A 2012;772055;1;0;A
PAR332007/8;15974250292;Bandeja Direita Inferior Sem Pivô Ipanema 1989 A 1998;332007;1;0;A
PAR332007/8;15974264070;Bandeja Esquerda Inferior Sem Pivô Kadett 1989 A 1998;332008;1;0;A
442070/71;16042047281;BANDEJA INFERIOR DIREITA SEM PIVÔ RANGER 2012 A 2019;442070;1;0;A
442070/71;16042061934;BANDEJA INFERIOR ESQUERDA SEM PIVÔ RANGER 2012 A 2019;442071;1;0;A
par442056/57;15959152190;Bandeja Dianteira Direita Quantum 1985 A 1988 Sem Pivô;442056;1;0;A
par442056/57;15975595401;Bandeja Inferior Esquerda Sem Pivô Audi 90 Ano 1981 A 1991;442057;1;0;A
PAR112048/49;16257175941;Bandeja Inferior Direita Sem Pivô Strada 1998 A 2000;112048;1;0;A
PAR112048/49;16257175503;Bandeja Inferior Esquerda Sem Pivô Strada 1998 A 2000;112049;1;0;A
PAR442104/05;15985371573;Bandeja Inferior Direito Sem Pivô Passat Cc 2009 2010;442104;1;0;A
PAR442104/05;15985388969;Bandeja Inferior Esquerdo Sem Pivô Passat 2012 A 2015;442105;1;0;A
par772052/53;15974148264;Bandeja Esquerda Inferior Sem Pivô Tucson 2005 Em Diante;772053;1;0;A
par772052/53;15974130776;Bandeja Direita Inferior Sem Pivô Sportage 2006 A 2009;772052;1;68,74;A
112028/29;15959150860;Bandeja Direita Siena  1997 Á 2001  Sem Pivô Com Barra ANTIGO;112028;1;0;A
112028/29;15959143453;Bandeja Esquerda Palio 1996 Á 2001 Sem Pivô  Com Barra ANTIGO;112029;1;0;A
112022/23;15985410369;Bandeja  Direita Palio 1996 Á 2001 Sem Pivô Sem Barra ANTIGO;112022;1;0;A
112022/23;15985412566;Bandeja  Esquerda Palio 1996 Á 2001 Sem Pivô Sem Barra ANTIGO;112023;1;0;A
PAR442095;15963721722;Bandeja Inferior Ambos Os Lados  Polo Sedan 2002 Á 2022;442095;2;0;A
PAR112090;15976140662;Bandeja Inferior Stilo 2002 Á 2011;112090;2;0;A
Par-222099;16237863609;BANDEJA TRASEIRA AMBOS LADO FORD ESCORT ATE 1992;222099;2;0;A
552001/02NOVO;16365049454;BANDEJA NOVA ESQUERDA 207 EXCETO SW 2008 EM DIANTE COM PIVÔ;552001NOVO;1;65;A
552001/02NOVO;16365263554;BANDEJA NOVA DIREITA 207 EXCETO SW 2008 EM DIANTE COM PIVÔ;552002NOVO;1;65;A
772040/41NOVA;16372203440;BANDEJA NOVA DIANTEIRA DIREITA HILUX 2005 A 2015 COM PIVÔ;772040NOVA;1;0;A
772040/41NOVA;16372206382;BANDEJA NOVA DIANTEIRA ESQUERDA HILUX 2005 A 2015 COM PIVÔ;772041NOVA;1;0;A
552030/31NOVA;16364769038;BANDEJA NOVA INFERIOR DIREITA PEUGEOT PARTNER 1999 A 2008;552030NOVA;1;62,63;A
552030/31NOVA;16364920691;BANDEJA NOVA INFERIOR ESQUERDA PEUGEOT PARTNER 1999 A 2008;552031NOVA;1;62,63;A
552001-2;15955570878;Bandeja Esquerda Peugeot 207 Exceto Sw 08 Em Diante C Pivô;552001;1;65;A
552001-2;15955673732;Bandeja Lado Direito Peugeot 206 Todos 1999 A 2010 Com Pivô;552002;1;65;A
552001/02;15955570878;Bandeja Esquerda Peugeot 207 Exceto Sw 08 Em Diante C Pivô;552001;1;65;A
552001/02;15955673732;Bandeja Lado Direito Peugeot 206 Todos 1999 A 2010 Com Pivô;552002;1;65;A
442066/67;15979367647;Bandeja Van 1998 Á 2003;442066;2;40,73;A
par552010/11;15963778923;Bandeja Direita Sem Pivô Citroen Ds3 2012 A 2016;552010;1;0;A
par552010/11;15963779367;Bandeja Esquerda Sem Pivô C3 Picasso 2011 A 2015;552011;1;0;A
442090/91-PAR5307;15957024272;Bandeja Sem Pivô Lado Esquerdo Gol G5 2008 Em Diante;442090;1;39,9;A
442090/91-PAR5307;15956955830;Bandeja Sem Pivô Lado Direito Saveiro G5 2008 Em Diante;442091;1;34,9;A
442090/91-PAR5307;15884298263;Bieleta Dianteira Vw Voyage 2008 Até 2016 Todas Versões;5307;1;17,39;A
442090/01;15957024272;Bandeja Sem Pivô Lado Esquerdo Gol G5 2008 Em Diante;442090;1;39,9;A
442090/01;15956955830;Bandeja Sem Pivô Lado Direito Saveiro G5 2008 Em Diante;442091;1;34,9;A
PAR112108/9;15963630951;Bandeja Direita Sem Pivô Mobi 2016 Em Diante s/barra;112108;1;0;A
PAR112108/9;15986294370;Bandeja Esquerda Sem Pivô Palio 2012 Em Diante S/barra;112109;1;0;A
112056/57;15962210024;Bandeja Direita Sem Pivô Idea/doblo/palio/siena/strada/fiorino;112056;1;53,17;A
112056/57;16037288538;Bandeja Esquerda Sem Pivô Idea/doblo/palio/siena/strada/fiorino;112057;1;0;A
112052/53;15962215111;Bandeja Direita Sem Pivô Palio 2007 A 2022 SEM BARRA;112052;1;53,17;A
112052/53;16047668941;Bandeja Esquerda Sem Pivô Palio Sem Barra 2007 A 2022;112053;1;53,17;A
552006/07;15991203537;Bandeja Superior 106 Lado Direito Com Pivo 1992 Á 2001;552006;1;0;A
552006/07;15991214591;Bandeja Superior 106 Lado Esquerdo Com Pivo 1992 Á 2001;552007;1;0;A
552004/05;15991158265;Bandeja Superior 106 Lado Direito Sem Pivo 1992 Á 2001;552004;1;0;A
552004/05;15990842461;Bandeja Superior 106 Lado Esquerdo Sem Pivo 1992 Á 2001;552005;1;71,91;A
PAR442120/21;15969840490;Bandeja Superior Direito Amarok 2010 Á 2020;442120;1;0;A
PAR442120/21;15969792155;Bandeja Superior Esquerda Amarok 2010 Á 2020;442121;1;0;A
PAR-772194;16084415891;BANDEJA SUPERIOR BESTA 1998 a 2003 AMBOS OS LADOS;772194;2;70;A
PAR332110/11;15974748058;Bandeja Superior Direito S10 4x2 E 4x4 1995 Á 2011;332110;1;0;A
PAR332110/11;15975027416;Bandeja Superior Esquerdo Blazer 4x2 E 4x4 1995 Á 2011;332111;1;0;A
772134/35;16041208315;BANDEJA SUPERIOR DIREITA CIVIC 1996 A 2001 COM PIVÔ;772134;1;0;A
772134/35;16041229526;BANDEJA SUPERIOR ESQUERDA CIVIC 1996 A 2001 COM PIVÔ;772135;1;0;A
par-222016/17;16257180675;BANDEJA SUPERIOR DIREITA COM PIVÔ  RANGER 2012 A 2022;222016;1;0;A
par-222016/17;16257182414;BANDEJA SUPERIOR ESQUERDA COM PIVÔ  RANGER 2012 A 2022;222017;1;0;A
par222014/15;15963463067;Bandeja Superior Direita Com Pivô Ranger 1998 A 2011;222014;1;60,52;A
par222014/15;15963446403;Bandeja Superior Esquerda Com Pivô Ranger 1998 A 2011;222015;1;60,52;A
772254/55;16007032274;Bandeja Superior Dianteira Direita C/ Pivô Sw4 06 À 20;772254;1;0;A
772254/55;16007091023;Bandeja Superior Dianteira Esquerda C Pivô Hilux 4x4 06 À 20;772255;1;0;A
332147/48;15989721636;Bandeja Superior Direita Opala 1969 A 1992;332147;1;0;A
332147/48;15989731709;Bandeja Superior Esquerda Opala 1969 A 1992;332148;1;0;A
442081/82;15991124760;Bandeja Superior Direito Sem Pivô  Belina Scala 1984 À 1991;442081;1;0;A
442081/82;15990965922;Bandeja Superior Esquerdo Sem Pivô  Belina Scala 1984 À 1991;442082;1;0;A
332002/03;15993959236;Bandeja Superior Esquerdo Sem Pivô Chevy 500 1984 À 1995;332003;1;0;A
332002/03;15993950474;Bandeja Superior Direito Sem Pivô Chevette 1973 À 1993;332002;1;29,06;A
662014/15;16291116541;BANDEJA SUSPENSÃO DIREITA KWID 2024 COM PIVÔ;662014;1;0;A
662014/15;16291119657;BANDEJA SUSPENSÃO ESQUERDA KWID 2024 COM PIVÔ;662015;1;0;A
PAR-112002;16237873901;BANDEJA TRASEIRA AMBOS LADOS UNO ELBA FIORINO;112002;2;0;A
par112001;15974672142;Bandeja Traseira Uno R Motor 1.5 1987 1988;112001;2;32,37;A
par-442128/29;16123283090;Bandeja Up Dianteira direita 2014 Em Diante Com Pivô;442128;1;0;A
par-442128/29;16123296379;Bandeja Up Dianteira Esquerda 2014 Em Diante Com Pivô;442129;1;0;A
par-442112/13;16123138134;Bandeja Up Dianteira direita 2014 Em Diante Sem Pivô;442112;1;0;A
par-442112/13;15978360444;Bandeja Up Dianteira Esquerda 2014 Em Diante Sem Pivô;442113;1;0;A
PAR-6408;15910930460;Bieleta Dianteira Citroen C3 Aircross;6408;1;17,64;A
Par-5717;15823868557;Bieleta Barra Citroen C4 - C4  Picasso - Grand C4;5717;2;19,53;A
PAR-6316;16026597671;BIELETA DIANT. SPORTAGE 10/14;6316;2;13,04;A
par-5201;15884287740;Bieleta Dianteira Corsa 2002 A 2012;5201;2;19,25;A
Par-5609/10;15912562819;Bieleta Dianteira Direita Vera Cruz 2007 A 2012;hl5609;1;19,87;A
Par-5609/10;15912564191;Bieleta Dianteira Esquerda Santa Fé 2007 Em Diante;hl5610;1;19,87;A
PAR-5716;15912572184;Bieleta Dianteira 206 1.0 16v Todos;5716;2;18,63;A
PAR-5408/09;16026597534;BIELETA DIANTEIRA ESQUERDA ACCORD 1998 A 2002;5408;1;19,87;A
PAR-5408/09;16026597537;BIELETA DIANTEIRA DIREITA ACCORD 1998 A 2002;5409;1;19,87;A
PAR-5318;16026597524;BIELETA DIANTEIRA AMBOS LADOS AMAROK 2010 A 2022;5318;2;19,87;A
PAR5211;16019313228;BIELETA DIANTEIRA AMBOS LADOS S10 1997 A 2011;5211;2;11,18;A
PAR-5417;15910917725;Bieleta Dianteira Ambos Os Lados  Cr-v 2006 A 2011;5417;2;18,63;A
PAR-5701;15910926346;Bieleta Dianteira Ambos Os Lados Aircross 2012 A 2016;5701;2;17,39;A
Par-5102;15913291836;BIELETA DIANTEIRA PALIO WEEKEND;5102;2;18,63;A
PAR-5202;16026597495;BIELETA DIANTEIRA AMBOS LADOS ASTRA 1995 1996;5202;2;17,88;A
PAR-5310;16026597520;BIELETA DIANTEIRA AMBOS LADOS AUDI A3 1999 A 2003;5310;2;19,87;A
PAR-5313;16026597523;BIELETA DIANTEIRA AMBOS LADOS AUDI A3 2003 A 2020;5313;2;19,87;A
PAR-8402;16026597698;BIELETA DIAN. ESQUERDA / DIREITA  AUDI A4 07...16 /A5 07...15 /A6 11....18 / A8;8402;2;36,02;A
PAR5614;16029462142;BIELETA DIANTEIRA AMBOS LADOS AZERA 2007 A 2011 MOTOR 3.3;5614;2;22,36;A
PAR5216;16028817683;BIELETA DIANTEIRA AMBOS OS LADOS BLAZER 1995 A 2011;5216;2;16,15;A
PAR-6617;16026597682;BIELETA DIANT DIR/ESQ BMW SERIE 1- 114/116/118/120/125/M135 (F20/21) 2012... /BM;6617;2;35,4;A
par-6615/16;16026597680;BIELETA  DIANT ESQ BMW X1 S DRIVE ... 15  BMW SERIE 1 116/118/120/125/130/135...;6615;1;36,02;A
par-6615/16;16026597681;BIELETA  DIANT DIR BMW X1 S DRIVE ... 15  BMW SERIE 1 116/118/120/125/130/135...;6616;1;36,02;A
PAR-5100;16026597489;BIELETA DIANTEIRA AMBOS OS LADOS BRAVA 1999 A 2003;5100;2;17,39;A
Par-5711;15915269521;Bieleta Dianteira 207 De 2008 A 2013;5711;2;18,63;A
Par-5705;15915272557;Bieleta Dianteira C3 De 2009 A 2012;5705;2;17,39;A
PAR-5204;16026597496;BIELETA DIANTEIRA AMBOS LADOS CHEVETTE 1973 A 1993;5204;2;9,63;A
PAR-5416;16026597552;BIELETA DIANTEIRA AMBOS LADOS CITY 2009 A 2014;5416;2;18,63;A
PAR-5433;16026597566;BIELETA DIANTEIRA AMBOS LADOS CIVIC G10 2017 EM DIANTE;5433;2;24,84;A
PAR6001;16030225880;BIELETA DIANTEIRA AMBOS OS LADOS CLIO 2000 A 2016 MOTOR 1.0;6001;2;9,94;A
Par-7802;15910913444;Bieleta Dianteira Compass 2007 A 2015;7802;2;22,36;A
PAR-5125;15912521114;Bieleta Traseira Compass 4x2 2015 Em Diante;5125;2;22,36;A
PAR-5303;16026597516;BIELETA DIANTEIRA AMBOS LADOS CORDOBA 1995 A 1999;5303;2;11,8;A
PAR-5500;16026597569;BIELETA DIANTEIRA AMBOS LADOS COROLLA 1993 A 2003;5500;2;18,63;A
PAR-5101;16026597490;BIELETA DIANTEIRA AMBOS OS LADOS COUPE 1995 A 1997 16V;5101;2;11,62;A
PAR-5621;16026597612;Bieleta Dianteira Ambos Lados Elantra 2013 A 2017;5621;2;22,36;A
PAR-5237/38;16073660262;BIELETA DIANTEIRA LADO ESQUERDO CRUZE 2016 A 2020;5237;1;29,16;A
PAR-5237/38;16026597514;BIELETA DIANTEIRA DIREITA CRUZE 2016 A 2020;5238;1;33,53;A
Par-5229;15823868056;Bieleta Dianteira Malibe 2010 2011 2012 Em Diante;5229;2;19,84;A
Par-54177;15910917725;Bieleta Dianteira Ambos Os Lados  Cr-v 2006 A 2011;5417;2;18,63;A
Par-8004;16026597696;BIELETA DIANT DISCOVERY 3 04/09 DISCOVERY 4 09/11;8004;2;34,78;A
PAR-5103;15998531735;Bieleta Dianteira Ambos Os Lados Jumper 2000 À 2017;5103;2;17,39;A
PAR5010;16018144679;BIELETA DIANTEIRA ESCORT 1985 A 1996;5010;2;18,63;A
par-5000;15913275243;Bieleta Dianteira Escort 1985 A 1996;5000;2;17,39;A
PAR-550230;16026597572;BIELETA DIANTEIRA AMBOS LADOS EXPLORER 1992 A 1994;550230;2;27,32;A
Par-5110;15823865112;Bieleta Dianteira Fiat Linea 2009 Em Diante;5110;2;17;A
par-5001;15913271433;Bieleta Dianteira Fiesta 1996 A 2002;5001;2;17,39;A
PAR-5037;16067816674;BIELETA DIANTEIRA AMBOS OS LADOS FOCUS 2014 EM DIANTE;5037;2;16,15;A
PAR-6202/03;16026597660;BIELETA DIANT.  ESQ. X-TERRA  / FRONTIER  SET 07/...;6202;1;18,63;A
PAR-6202/03;16026597661;BIELETA DIANT.  ESQ. X-TERRA  / FRONTIER  SET 07/...;6203;1;18,63;A
par-5020/21;15892930812;Bieleta Dianteira Lado Direito Fusion 2006 A 2009;5020;1;21,74;A
par-5020/21;15892920436;Bieleta Dianteira Le Fusion 2006 A 2009;5021;1;21,36;A
par-5024;15909871013;Bieleta Dianteira Fusion 2009 A 2012;5024;2;14,9;A
PAR-5040;16026597487;BIELETA DIANTEIRA AMBOS OS LADOS FUSION 2013 A 2020;5040;2;24,15;A
PAR-5304;16026597519;BIELETA DIANTEIRA AMBOS LADOS GOLF GL GLX 1995 A 1998;5304;2;11,8;A
PAR-5612;16026597604;BIELETA DIANTEIRA AMBOS LADOS H100 1994 EM DIANTE;5612;2;14,59;A
PAR-5502;16026597571;BIELETA DIANTEIRA AMBOS LADOS HILUX SW4 4X4 1996 A 2004;5502;2;19,87;A
5402/03;15905825346;Bieleta Dianteira Direita Honda Civic 2001 A 2006;5402;1;18,63;A
5402/03;15906445980;Bieleta Dianteira Esquerda Honda Civic 2001 A 2006;5403;1;18,63;A
Kit-5404/5;15823868701;Bieleta Dianteira Direita Honda Fit 2003 Até 2008 1.4 1.5;5404;1;17,09;A
Kit-5404/5;15823868067;Bieleta Dianteira Equerdo Honda Fit 2003 Até 2008 1.4 1.5;5405;1;17,39;A
PAR-5425/26;16026597556;BIELETA DIANTEIRA DIREITA HRV 2016 A 2021;5425;1;24,84;A
PAR-5425/26;16026597558;BIELETA DIANTEIRA ESQUERDA HRV 2016 A 2021;5426;1;24,84;A
PAR5619;16029616723;BIELETA DIANTEIRA AMBOS OS LADOS I30 2006 A 2010;5619;2;17,39;A
PAR5613;16028957786;BIELETA DIANTEIRA AMBOS OS LADOS I30 2009 A 2012;5613;2;19,53;A
PAR-5209;16026597508;BIELETA DIANTEIRA AMBOS LADOS IPANEMA 1989 1990;5209;2;9,63;A
PAR-5210;16026597509;BIELETA DIANTEIRA AMBOS LADOS IPANEMA 1989 A 1998;5210;2;9,63;A
PAR5616;16029572065;BIELETA DIANTEIRA AMBOS OS LADOS IX35 2010 A 2015;5616;2;20,8;A
PAR5520;16028901005;BIELETA DIANTEIRA AMBOS OS LADOS JAC J2 2012 A 2016;5520;2;12,11;A
6310/11;15998547860;Bieleta Dianteira Lado Esquerdo Kia Soul 2009 A 2015;6311;1;0;A
6310/11;15998526764;Bieleta Dianteira Lado Direito Kia Soul 2009 A 2015;6310;1;0;A
PAR-5900;16026597617;BIELETA DIANT. L200 / L300;5900;2;9,63;A
PAR-559130/40;16026597598;BIELETA DIANTEIRA DIREITA L200 TRITON 2007 A 2013;559130;1;26,08;A
PAR-559130/40;16026597602;BIELETA DIANTEIRA ESQUERDA L200 TRITON 2007 A 2013;559140;1;26,08;A
PAR-5924/25;16030204380;BIELETA DIANTEIRA DIREITA L200 TRITON SPORT 2016 A 2019;5924;1;17,39;A
PAR-5924/25;16121717523;BIELETA DIANTEIRA ESQUERDA L200 TRITON SPORT 2016 A 2019;5925;1;17,39;A
PAR-7300;15998696778;Bieleta Dianteira Ambos Lados Eclipse Cross 2018 Em Diante;7300;2;0;A
PAR-8000;15998606913;Bieleta Dianteira Land Rover Evoque 2011 Em Diante;8000;2;0;A
par-5021;15892920436;Bieleta Dianteira Le Fusion 2006 A 2009;5021;1;21,36;A
par-5021;15892930812;Bieleta Dianteira Lado Direito Fusion 2006 A 2009;5020;1;21,74;A
hl5609/10;15912562819;Bieleta Dianteira Direita Vera Cruz 2007 A 2012;hl5609;1;19,87;A
hl5609/10;15912564191;Bieleta Dianteira Esquerda Santa Fé 2007 Em Diante;hl5610;1;19,87;A
5913/5914;16030149902;BIELETA DIANTEIRA DIREITA L200 TRITON 4X4 2007 A 2013;5913;1;19,87;A
5913/5914;16030169019;BIELETA DIANTEIRA ESQUERDA L200 TRITON 4X4 2007 A 2013;5914;1;19,87;A
5227/8;15913252759;Bieleta Dianteira Direita Captiva Tracker;5227;1;19,84;A
5227/8;15913266291;Bieleta Dianteira Lado Esquerdo Captiva 2008 A 2015;5228;1;19,84;A
PAR-8501;16026597700;BIELETA DIANT .MINI COOPER / COUPE / ONE 01/CLUBMAN/CABRIOLET;8501;2;32,29;A
PAR8503;16031075919;BIELETA DIANTEIRA MINI COOPER R50 R53 2001 A 2006;8503;2;33,53;A
PAR-5207;16026597503;BIELETA DIANTEIRA AMBOS LADOS MONZA 1982 A 1990;5207;2;9,63;A
PAR-5208;16026597507;BIELETA DIANTEIRA AMBOS LADOS MONZA 1991 A 1997;5208;2;9,63;A
Par-5033;15823868283;Bieleta Dianteira Nova Ecosport De 2012 Em Diante;5033;2;18,63;A
par6210/11;15961865268;Bieleta Dianteira Direita Nissan Altima 2013 A 2019;6210;1;18;A
par6210/11;15961879877;Bieleta Dianteira Esquerda Nissan Altima 2013 A 2019;6211;1;18;A
Par-6208;16026597668;BIELETA DIANT. KICKS 16/...;6208;2;19,72;A
PAR-5200;16026597494;BIELETA DIANTEIRA AMBOS LADOS OMEGA 1993 A 1998;5200;2;19,25;A
PAR-5205;16026597498;BIELETA DIANTEIRA AMBOS LADOS OPALA 1969 A 1988;5205;2;9,63;A
PAR-5206;16072257556;BIELETA DIANTEIRA AMBOS LADOS OPALA 1988 a 1992;5206;2;9,63;A
5108/09;15908838663;Bieleta Dianteira Le Idea 2006 Strada 2009 Em Diante;5108;1;17,39;A
5108/09;15909843815;Bieleta Dianteir Ld Palio Weekend Adventure 1998 Em Diante;5109;1;17,39;A
Par-6401;15890665236;Bieleta Barra Berlingo Xsara Zx Picasso Pivo 10mm;6401;2;18,31;A
par-5127;15915277660;Bieleta Dianteira Stilo 2003 A 2011;5127;2;17;A
PAR-5014;15915282540;Bieleta Dianteira Ranger 1999 A 2011 Le;5014;2;18,63;A
PAR-5031/32;16026597472;BIELETA DIANTEIRA DIREITA RANGER 2012 EM DIANTE;5031;1;22,36;A
PAR-5031/32;16064741573;BIELETA DIANTEIRA ESQUERDA RANGER 2012 EM DIANTE;5032;1;22,36;A
PAR-5302;16026597515;BIELETA DIANTEIRA AMBOS LADOS ROYALE 1991 A 1996;5302;2;13,66;A
PAR5501;16028858088;BIELETA DIANTEIRA AMBOS OS LADOS SOUL 2015 EM DIANTE;5501;2;18,63;A
PAR-6515/16;16026597678;BIELETA DIANTEIRA DIR SPRINTER 2012...;6515;1;27,6;A
PAR-6515/16;16026597679;BIELETA DIANTEIRA  ESQ SPRINTER 2012...;6516;1;27,6;A
PAR-7801;15910924701;Bieleta Dianteira Renegade 4x2 4x4 2015 Em Diante Le;7801;2;22,36;A
PAR6312;16030376632;BIELETA DIANTEIRA AMBOS LADOS TOWNER FURGÃO 2011 EM DIANTE;6312;2;18,63;A
PAR-5217;16026597512;BIELETA DIANTEIRA AMBOS LADOS TRACKER 2001 A 2008;5217;2;16,15;A
5231/2;15941695397;Bieleta Dianteira Ld S10 Trailblazer 2012 Em Diante;5231;1;19,72;A
5231/2;15891499342;Bieleta Dianteira Esquerda S10 Trailblazer 2012 Em Diante;5232;1;19,84;A
PAR-5025;16026597466;BIELETA DIANTEIRA AMBOS OS LADOS TRANSIT 2009 A 2015;5025;2;19,72;A
PAR-6700;16026597689;BIELETA DIANT. TROLLER;6700;2;18,63;A
Par-5607;15823866184;Bieleta Dianteira I30 Cerato;5607;2;19,87;A
par-5203;15910911530;Bieleta Dianteira Astra Zafira Vectra;5203;2;19,19;A
PAR-5233;15884291448;Bieleta Dianteira Onix Modelo Novo 2020;5233;2;19,25;A
Par-5307;15884298263;Bieleta Dianteira Vw Voyage 2008 Até 2016 Todas Versões;5307;2;17,39;A
PAR-5427/28;16026597561;BIELETA DIANTEIRA DIREITA WR-V 2017 EM DIANTE;5427;1;24,84;A
PAR-5427/28;16026597565;BIELETA DIANTEIRA ESQUERDA WR-V 2017 EM DIANTE;5428;1;24,84;A
PAR-5009;15912946755;Bieleta Dianteira Ecosport 2002 A 2011;5009;2;17,09;A
Par-5608;15909959836;Bieleta Traseira Tucson Sportage;5608;2;19,87;A
Par-5921;16026597640;BIELETA TRAS. AIRTREK 03/08;5921;2;19,87;A
PAR-5126;16026597493;BIELETA TRASEIRA AMBOS OS LADOS JOURNEY 2012 A 2019;5126;2;22,36;A
PAR-5312;16026597522;BIELETA TRASEIRA AMBOS LADOS AUDI A3 2007 A 2013;5312;2;19,87;A
PAR5623;16029648883;BIELETA TRASEIRA AMBOS LADOS AZERA 2007 A 2009;5623;2;18,63;A
PAR5615;16029484995;BIELETA TRASEIRA AMBOS LADOS AZERA 2011 A 2015;5615;2;27,32;A
PAR-5236;15924160692;Bieleta Traseira Barra Estabilizadora Blazer 1996 Até 2011;5236;2;19,95;A
PAR-5214;16026597510;BIELETA TRASEIRA AMBOS LADOS CAPTIVA 2008 EM DIANTE;5214;2;19,87;A
PAR-8106;16002342707;Bieleta Traseira Ambos Lados Chery Cielo 2008 A 2013;8106;2;17;A
PAR-5406/07;16026597531;BIELETA TRASEIRA DIREITA CIVIC 2001 A 2005;5406;1;18,63;A
PAR-5406/07;16026597532;BIELETA TRASEIRA ESQUERDA CIVIC 2001 A 2005;5407;1;18,63;A
PAR-5412/13;16026597540;BIELETA TRASEIRA ESQUERDA CIVIC 2006 A 2011;5412;1;18,63;A
PAR-5412/13;16026597543;BIELETA TRASEIRA DIREITA CIVIC 2006 A 2011;5413;1;18,63;A
PAR-5107;16026597491;BIELETA TRASEIRA AMBOS LADOS DOBLO TODAS EXCETO CARGO;5107;2;18,63;A
PAR-5015;16026597461;BIELETA TRASEIRA AMBOS OS LADOS ECOSPORT 4X4 2004 EM DIANTE;5015;2;18,63;A
PAR5018;16019313226;BIELETA TRASEIRA FOCUS 2008 A 2013 2°GERAÇÃO HATCH SEDAN;5018;2;14,64;A
Par-6209;16026597669;BIELETA TRAS. FRONTIER 17/....;6209;2;24,15;A
PAR-8003;16026597695;BIELETA TRAS FREELANDER 2 07/16;8003;2;32,29;A
PAR-5022;16026597463;BIELETA TRASEIRA AMBOS OS LADOS FUSION 2006 A 2009;5022;2;21,74;A
PAR-5041;16026597488;BIELETA TRASEIRA AMBOS OS LADOS FUSION 2013 A 2020;5041;2;18,4;A
PAR-5510;16026597589;BIELETA TRASEIRA AMBOS LADOS HILUX SW4 MOTOR 2.8;5510;2;22,36;A
PAR-5509;16026597587;BIELETA TRASEIRA AMBOS LADOS HILUX SW4 MOTOR 3.0;5509;2;22,36;A
6509/6510;16030873939;BIELETA TRASEIRA DIREITA MERCEDES C180 2008 A 2014;6509;1;47,2;A
6509/6510;16030914987;BIELETA TRASEIRA ESQUERDA MERCEDES C180 2008 A 2014;6510;1;47,2;A
PAR8502;16031026136;BIELETA TRASEIRA AMBOS LADOS MINI COOPER HATCH 2001 DIANTE;8502;2;30,43;A
PAR-8001;15998665003;Bieleta Traseira Land Rover Freelander 2 2008 A 2014;8001;2;26,85;A
PAR-7800;15912538466;Bieleta Traseira Renegade 4x4 2015 Em Diante Ld Ou Le;7800;2;22,36;A
par112005;15963482745;Bracinho Oscilante Com Pivô Uno Mille 1991 A 2011 SEM BUCHA;112005;2;0;A
par112004b;15969428279;Bracinho Oscilante Com Pivô E Buchas Fiat Oggi;112004b;2;0;A
Par112005B;15963482745;Bracinho Oscilante Com Pivô Uno Mille 1991 A 2011 SEM BUCHA;112005;2;0;A
par112004;15969449756;Bracinho Oscilante Com Pivô Sem Bucha Fiat Panorama;112004;2;0;A
par112004;16094872950;Bucha do Braço Tensor UNO- Não exportar;FTK44004-AMW;4;0;A
PAR993001;16041894676;BRAÇO BANDEJA AMBOS LADOS COM PIVÔ CHERY QQ 1.1 2011 A 2018;993001;2;0;A
Par-222109/10;16237884795;Braço Curvo Direito C/ Pivô FUSION 2007 até 2012;222109;1;0;A
Par-222109/10;16237885084;Braço Curvo Esquerdo C/ Pivô FUSION 2007 até 2012;222110;1;0;A
PAR-222111;16319351206;BRAÇO CURVO TRASEIRO BUMERANGUE FUSION 2006 A 2012;222111;2;0;A
PAR-5625;16086628594;BRAÇO DA SUSPENSÃO TRASEIRA I30 2009 A 2012;5625;2;22,36;A
par222010/11b;15969498535;Braço Oscilante Direito Sem Bucha Verona 1990 A 1992;222010;1;0;A
par222010/11b;15969508035;Braço Oscilante Esquerdo Sem Bucha Escort 1983 A 1996;222011;1;0;A
par222010/11b;16094887488;Bucha do Braço Tensor UNO- Não exportar;FTK33005-AMW;4;0;A
par222010/11;15969498535;Braço Oscilante Direito Sem Bucha Verona 1990 A 1992;222010;1;0;A
par222010/11;15969508035;Braço Oscilante Esquerdo Sem Bucha Escort 1983 A 1996;222011;1;0;A
332014/15;15965339328;Bandeja Balança Lado  Direito Corsa Classic Sem Pivô 98 A 2016;332014;1;0;A
332014/15;15965339405;Bandeja Balança Esquerdo Montana Sem Pivô 2010 A 2015;332015;1;0;A
112006/07;15992361478;Braço Tensor Direito Com Terminal Elba 1985 A 2004;112006;1;0;A
112006/07;15992387696;Braço Tensor Esquerdo Com Terminal Elba 1985 A 2004;112007;1;0;A
112006/07;15833618379;Terminal Cabo Trambulador Seleção 10mm Strada 2014 Em Diante;T1006;2;0;A
112008/09;15994960916;Braço Tensor Direita Sem Terminal Uno Mille 2004 A 2013;112008;1;0;A
112008/09;15994987869;Braço Tensor Esquerda Sem Terminal Uno Fase I 2004 A 2013;112009;1;0;A
PAR-2278AÇO;16335826555;BUCHA AÇO EIXO TRASEIRO ELIMINA FOLGA 47MM PEUGEOT 206;2278aço;2;15,5;A
PAR-2280AÇO;16335862949;BUCHA AÇO EIXO TRASEIRO ELIMINA FOLGA 50MM PEUGEOT 206;2280AÇO;2;15,5;A
PARFTK7739/40-MB;16032599440;BUCHA CENTRAL DA BANDEJA DIANTEIRA COROLLA 1992 A 2002;FTK7740-MB;1;0;A
PARFTK7739/40-MB;16032590026;BUCHA TRASEIRA DA BANDEJA DIANTEIRA COROLLA 1997 A 2002;FTK7739-MB;1;0;A
PARFTK22286-GP;16035527968;BUCHA DA BANDEJA SUPERIOR DIANTEIRA RANGER 2012 EM DIANTE;FTK22286-GP;2;0;A
PARFTK11203A/04-MB;16034855117;REFIL BUCHA DIANTEIRA DA BANDEJA DIANTEIRA MERIVA 2002 A 12;FTK11203A-MB;1;0;A
PARFTK11203A/04-MB;16034919118;BUCHA TRASEIRA DA BANDEJA DIANTEIRA MERIVA 2002 A 2013;FTK11204-MB;1;0;A
PARFTK33028-MB;16034296596;BUCHA CENTRAL DA BANDEJA INFERIOR AMAROK 2010 EM DIANTE;FTK33028-MB;2;0;A
PARFTK88001/02-AMW;16043885829;BUCHA DIANTEIRA DA BANDEJA DIANTEIRA 206 1998 A 2010;FTK88001-AMW;1;0;A
PARFTK88001/02-AMW;16040617835;BUCHA TRASEIRA DA BANDEJA DIANTEIRA 206 1998 A 2010;FTK88002-AMW;1;0;A
PARFTK66000/01MB;16031590075;BUCHA TRASEIRA DA BANDEJA SUSPENSÃO DIANTEIRA CITY 2010 A 14;FTK66001-MB;1;0;A
PARFTK66000/01MB;16031691216;BUCHA DIANTEIRA DA BANDEJA DIANTEIRA CITY 2010 A 14;FTK66000-MB;1;0;A
PARFTK99134/66075-MB;16044071242;BUCHA TRASEIRA DA BANDEJA DIANTEIRA CIVIC 2007 A 2016;FTK99134-MB;1;0;A
PARFTK99134/66075-MB;16044090788;BUCHA DIANTEIRA DA BANDEJA DIANTEIRA CIVIC 2012 A 2016;FTK66075-MB;1;0;A
PARFTK7741/42-MB;16032672340;BUCHA TRASEIRA DA BANDEJA DIANTEIRA COROLLA 2003 EM DIANTE;FTK7741-MB;1;0;A
PARFTK7741/42-MB;16032694154;BUCHA CENTRAL DA BANDEJA DIANTEIRA COROLLA 2003 EM DIANTE;FTK7742-MB;1;0;A
PARFTK22208/2263-MB;16036589027;BUCHA TRASEIRA DA BANDEJA DIANTEIRA COURIER 1996 A 2013;FTK22208-MB;1;0;A
PARFTK22208/2263-MB;16036611650;BUCHA DIANTEIRA DA BANDEJA DIANTEIRA COURIER 1997 A 2002;FTK2263-MB;1;0;A
PARFTK66029/39-MB;16038173043;BUCHA DIANTEIRA DA BANDEJA DIANTEIRA CRV 2007 A 2012;FTK66029-MB;1;0;A
PARFTK66029/39-MB;16038149460;BUCHA TRASEIRA DA BANDEJA DIANTEIRA CRV 2007 A 2012;FTK66039-MB;1;0;A
PARFTK99355-MB;16046637654;BUCHA DA BANDEJA SUSPENSÃO DIANTEIRA DUSTER 2012 EM DIANTE;FTK99355-MB;2;0;A
PARFTK22222/20-MB;16044135241;BUCHA DIANTEIRA DA BANDEJA DIANTEIRA ECOSPORT 2003 A 2012;FTK22222-MB;1;0;A
PARFTK22222/20-MB;16044480471;BUCHA TRASEIRA DA BANDEJA DIANTEIRA ECOSPORT 2003 A 2012;FTK22220-MB;1;0;A
PARFTK99128/29-MB;16033235947;BUCHA DIANTEIRA DA BANDEJA DIANTEIRA FLUENCE 2010 EM DIANTE;FTK99128-MB;1;0;A
PARFTK99128/29-MB;16033240605;BUCHA TRASEIRA DA BANDEJA DIANTEIRA FLUENCE 2010 EM DIANTE;FTK99129-MB;1;0;A
PARFTK11004/06-AMW;16040672562;BUCHA DIANTEIRA DA BANDEJA DIANTEIRA GOL G5 2008 EM DIANTE;FTK11004-AMW;1;0;A
PARFTK11004/06-AMW;16040721967;BUCHA TRASEIRA DA BANDEJA DIANTEIRA GOL G5 2008 EM DIANTE;FTK11006-AMW;1;0;A
PARFTK99370/71-MB;16035467894;BUCHA DIANTEIRA DA BANDEJA DIANTEIRA KWID 2017 EM DIANTE;FTK99370-MB;1;0;A
PARFTK99370/71-MB;16035472263;BUCHA TRASEIRA DA BANDEJA DIANTEIRA KWID 2017 EM DIANTE;FTK99371-MB;1;0;A
PARFTK11019-MB;16037364240;BUCHA DA BANDEJA SUPERIOR DIANTEIRA L200 SPORT 2003 DIANTE;FTK11019-MB;2;0;A
PARFTK11001/11018-MB;16035675312;BUCHA TRASEIRA DA BANDEJA DIANTEIRA L200 4X4 1995 A 2006;FTK11001-MB;1;0;A
PARFTK11001/11018-MB;16038015622;BUCHA DIANTEIRA DA BANDEJA DIANTEIRA L200 SPORT 2003 DIANTE;FTK11018-MB;1;0;A
PARFTK4476/44406-MB;16033296921;BUCHA DIANTEIRA DA BANDEJA DIANTEIRA LINEA 2008 A 2017;FTK4476-MB;1;0;A
PARFTK4476/44406-MB;16033347110;BUCHA TRASEIRA DA BANDEJA DIANTEIRA LINEA 2008 A 2017;FTK44406-MB;1;0;A
PARFTK77014/15-MB;16036669995;BUCHA TRASEIRA DA BANDEJA DIANTEIRA LIVINA 2010 A 2014;FTK77014-MB;1;0;A
PARFTK77014/15-MB;16036711526;BUCHA DIANTEIRA DA BANDEJA DIANTEIRA LIVINA 2010 A 2015;FTK77015-MB;1;0;A
PARFTK99103/04-MB;16035575798;BUCHA TRASEIRA DA BANDEJA DIANTEIRA MEGANE 2007 EM DIANTE;FTK99103-MB;1;0;A
PARFTK99103/04-MB;16035597576;BUCHA DIANTEIRA DA BANDEJA DIANTEIRA MEGANE 2007 EM DIANTE;FTK99104-MB;1;0;A
PARFTK11170/71-MB;16044723188;BUCHA TRASEIRA DA BANDEJA DIANTEIRA OMEGA SUPREMA 93 A 98;FTK11170-MB;1;0;A
PARFTK11170/71-MB;16044673724;BUCHA DIANTEIRA DA BANDEJA DIANTEIRA OMEGA SUPREMA 93 A 98;FTK11171-MB;1;0;A
PARFTK11224/25-MB;16033599798;BUCHA DIANTEIRA DA BANDEJA DIANTEIRA ONIX 2013 EM DIANTE;FTK11224-MB;1;0;A
PARFTK11224/25-MB;16034078057;BUCHA TRASEIRA DA BANDEJA DIANTEIRA ONIX 2013 EM DIANTE;FTK11225-MB;1;0;A
PARFTK99325-MB;16034178823;BUCHA DA BANDEJA SUSPENSÃO DIANTEIRA SANDERO 2007 EM DIANTE;FTK99325-MB;2;0;A
PARFTK4476/77-MB;16033296921;BUCHA DIANTEIRA DA BANDEJA DIANTEIRA LINEA 2008 A 2017;FTK4476-MB;1;0;A
PARFTK4476/77-MB;16033305112;BUCHA TRASEIRA DA BANDEJA DIANTEIRA STILO 2002 A 2010;FTK4477-MB;1;0;A
PARFTK99282/83-MB;16044600018;BUCHA TRASEIRA DA BANDEJA DIANTEIRA AZERA 2008 A 2012;FTK99282-MB;1;0;A
PARFTK99282/83-MB;16044566400;BUCHA DIANTEIRA DA BANDEJA DIANTEIRA TUCSON 2005 EM DIANTE;FTK99283-MB;1;0;A
PARFTK33029-MB;16034199052;BUCHA DA BANDEJA SUPERIOR DIANTEIRA AMAROK 2010 EM DIANTE;FTK33029-MB;2;0;A
PARFTK11140-MB;16032775724;BUCHA DA BANDEJA SUPERIOR SUSPENSÃO DIANTEIRA BLAZER 96 A 11;FTK11140-MB;2;0;A
PARFTK99171-MB;16037185574;BUCHA DA BANDEJA SUPERIOR DIANTEIRA CIVIC 1992 A 1995;FTK99171-MB;2;0;A
PARFTK99140-MB;16037333703;BUCHA DA BANDEJA SUPERIOR DIANTEIRA CIVIC 1996 A 2000;FTK99140-MB;2;0;A
PARFTK1191-MB;16042695410;BUCHA DA BANDEJA SUSPENSÃO DIANTEIRA A10 C10 D10 1982 A 1996;FTK1191-MB;2;0;A
PARFTK77503-AMW;16038770203;BUCHA DA BANDEJA SUSPENSÃO DIANTEIRA CLIO 1998 EM DIANTE NÃO EXPORTAR;FTK77503-AMW;2;0;A
PARFTK99166-MB;16043964058;BUCHA DA BANDEJA SUSPENSÃO DIANTEIRA MEGANE 1995 EM DIANTE;FTK99166-MB;2;0;A
PARFTK44005-AMW;16038766982;BUCHA DA BANDEJA SUSPENSÃO TRASEIRA UNO MILLE 1991 A 2013 NÃO EXPORTAR;FTK44005-AMW;2;0;A
PARFTK99083-MB;16044156619;BUCHA DIANTEIRA DA BANDEJA DIANTEIRA MONDEO 1993 A 2001;FTK99083-MB;2;0;A
PARFTK77001-AMW;16039560834;BUCHA DIANTEIRA DA BANDEJA DIANTEIRA PICASSO 2001 A 2012 NÃO EXPORTAR;FTK77001-AMW;2;0;A
PARFTK33006-AMW;16038789581;BUCHA DO BRAÇO SUPERIOR SUSPENSÃO DIANTEIRA EXPLORER 1996 1997 NÃO EXPORTAR;FTK33006-AMW;2;0;A
PARFTK44002/06-AMW;16039375807;BUCHA AMBOS LADOS BANDEJA DIANTEIRA MAREA 1998 EM DIANTE;FTK44002-AMW;1;0;A
PARFTK44002/06-AMW;16039383465;BUCHA DIREITA TRASEIRA BANDEJA DIANTEIRA MAREA 98 EM DIANTE;FTK44006-AMW;1;0;A
PARFTK44002/03-AMW;16039375807;BUCHA AMBOS LADOS BANDEJA DIANTEIRA MAREA 1998 EM DIANTE;FTK44002-AMW;1;0;A
PARFTK44002/03-AMW;16039380325;BUCHA ESQUERDA TRASEIRA BANDEJA DIANTEIRA MAREA 98 EM DIANTE;FTK44003-AMW;1;0;A
PARFTK11001-MB;16035675312;BUCHA TRASEIRA DA BANDEJA DIANTEIRA L200 4X4 1995 A 2006;FTK11001-MB;2;0;A
PARFTK99082-MB;16043927926;BUCHA TRASEIRA DA BANDEJA DIANTEIRA MONDEO 1996 A 2001;FTK99082-MB;2;0;A
55323/111288;16025247839;Cabo De Capô Sem Alavanca Amarok 2010 Em Diante;111288;1;25,98;A
55323/111288;16025184806;Cabo de Capô Sem Alavanca Amarok 2010 Em Diante;55323;1;8,88;A
PAR-331050/51;16293612938;CABO DE FREIO DE MÃO TRASEIRO ESQUERDO FRONTIER 2003 A 2007;331050;1;0;A
PAR-331050/51;16293613156;CABO DE FREIO DE MÃO TRASEIRO DIREITO FRONTIER 2003 A 2007;331051;1;0;A
PAR-55120;15944263474;Cabo De Freio Fusca 1.300 Todos Até 1981;55120;2;0;A
par-55123;15944974212;Cabo Freio Fusca Brasília 1300 1500 1600 De 1981 Em Diante;55123;2;16,35;A
77261-2;15949656028;Cabo De Freio Traseira Lado Direito Celta 2001 Em Diante;77261;1;0;A
77261-2;15949781183;Cabo Freio Tras Esquerdo Celta 2001 Em Diante Com Conector;77262;1;39,2;A
66300/1;16026030243;Cabo De Freio Traseiro esquerdo Palio City Ex El Elx 96 a 00;66300;1;24,29;A
66300/1;16025966210;Cabo De Freio Traseiro Direito Palio City Ex El Elx 96 a 00;66301;1;24,67;A
PAR-55311;15942346585;Cabo Limitador Da Tampa Traseira Saveiro G2 G3 G4;55311;2;7,05;A
PAR-33820;15949596054;Cabo Limitador Tampa Traseira Nova Strada Iv 2013  Em Diante;33820;2;13,05;A
PAR-55351;16008824328;Cabo Limitador Da Tampa Traseira Saveiro G5 2009 Em Diante;55351;2;0;A
par-66516;15949053279;Cabo Limitador Da Tampa Traseira Strada Fase 3 2008 A 2012;66516;1;13,99;A
PAR-FTK321K;16004844422;Coifa Semi Eixo Câmbio Ambos Lados Tipo 1.6 Todos Os Anos;FTK3321K;2;7;A
PAR-FTK233/34;16389276343;COIFA HOMOCINETICA LADO CÂMBIO AGILE LS LT LTZ;FTK233;1;0;A
PAR-FTK233/34;16389276421;COIFA HOMOCINETICA LADO RODA CELTA 2001 EM DIANTE;FTK234;1;0;A
Par-FTK717/28;16237853021;Coifa Homocinética Câmbio LE logan 2007/...;FTK717;1;0;A
Par-FTK717/28;16237856907;Coifa Homocinética Câmbio LD LOGAN 2007/...;FTK728;1;0;A
PAR-FTK435;16389460968;COIFA HOMOCINETICA LADO CÂMBIO ROYALE 1992 A 1995;FTK435;2;0;A
PAR-FTK3320K;16007614892;Coifa Homocinética Lado Câmbio Premio 1994 A 1996;FTK3320K;2;6,7;A
PAR-FTK902;16389009217;COIFA HOMOCINETICA LADO RODA CITY 1.5 2009 EM DIANTE;FTK902;2;0;A
PAR-FTK314;16274483518;COIFA HOMOCINETICA LADO RODA FIAT 147 1976 A 1986;FTK314;2;0;A
PAR-FTK3322K;16006976418;Coifa Semi Eixo Lado Roda Strada 1996 A 2012;FTK3322K;2;0;A
PAR-FTK454;16240471852;Coifa Homocinética Lado Roda GOLF 1999 Em Diante;FTK454;2;0;A
PAR-FTK411;16389278685;COIFA HOMOCINETICA LADO RODA ROYALE 1.8 2.0 1992;FTK411;2;0;A
PAR-FTK278/81;16389415096;COIFA HOMOCINETICA LADO RODA ONIX 2013 EM DIANTE;FTK281;1;0;A
PAR-FTK278/81;16389415053;COIFA HOMOCINETICA LADO CAMBIO ONIX 1.0 2013 A 2019;FTK278;1;0;A
PAR-FTK3321K;16004844422;Coifa Semi Eixo Câmbio Ambos Lados Tipo 1.6 Todos Os Anos;FTK3321K;2;7;A
PAR-FTK313;16240469644;Coxim do Amortecedor Dianteiro GOL Quadrado 1980 Até 1996;FTK313;2;0;A
Par-332149/50;16237864245;BANDEJA SUPERIOR DIREITA S/ PIVÔ A10 1993 ATÉ 1996;332149;1;0;A
Par-332149/50;16237864659;BANDEJA SUPERIOR ESQUERDA S/ PIVÔ A10 1993 ATÉ 1996;332150;1;0;A
PAR-442050;15959154375;Bandeja Dianteira Ambos Lados Parati 1993 A 2008;442050;2;0;A
Par-5113;15833627935;Bieleta Dianteira Fiat Mobi 2017 Em Diante 51868333;5113;2;17,57;A
Par-222108;16079903393;Braço da Suspensão Inferior Fusion 2006 a 2012;222108;2;0;A
2279;15849433375;Bucha Eixo Traseiro Elimina Folga 47mm Peugeot 206;2278;2;15,5;A
TPN001;15907322980;Calotas Graxa Rolamento Manga Eixo Tras Peugeot 206;CL001;2;0;A
Par-23079;16027210329;Pino Da Dobradiça da Porta Blazer e S10;23079;2;8,69;A
Par-23100;16024148485;Pino da Pinça de Freio Chevrolet S10 e BLAZER 4x4;23100;2;16,28;A
PAR-FTK11049/50;16240370295;Pivô Inferior Esquerdo Doblo Adventure;FTK11049;1;0;A
PAR-FTK11049/50;16240370582;Pivô Inferior Direito Doblo Adventure;FTK11050;1;0;A
Par-FTK18583;16237929993;Rolamento Roda Dianteira CIVIC 1.5 1.6 16v Até 1995;FTK18583;2;0;A
Par-NZT563644;16237920618;Rolamento Roda Dianteira COBALT 1.4 2011 Em Diante;NZT563644;2;0;A
PAR-5035;16274321909;EIXO DA BANDEJA BELINA 1985 EM DIANTE;5035;2;0;A
PAR-5034;16237916720;EIXO DA BANDEJA CORCEL BELINA DEY PAMPA 1985 Em diante;5034;2;0;A
PAR-LT5577;16237894798;HASTE DO TRAMBULADOR 230mm VW GOLF 1998 ATÉ 2001 AUDI A4 MOTOR 1.6;LT5577;2;0;A
Par-23129;16024017752;Kit Pino da Pinça de Freio Chevrolet S10 2012 Em Diante;23129;2;20,24;A
Par-29037;16019716752;Kit Pino da Pinça de Freio Hyundai HR 2005 a 2018;29037;2;20,24;A
PAR-13120;15921672234;Kit Pino Deslizante Pinça De Freio Corsa 2003 Em Diante;13120;2;20;A
Par-14104;15823878133;Kit Pino Guia Bucha Pinça Ford Versailles Royale Ecosport0;14104;2;16;A
Par-26056;16008093840;Kit Pino Guia Pinça Freio Pajero TR4 2003 Em Diante;26056;2;20,24;A
Par-23125;16026051631;Kit Pino Guia Pinça Freio Ranger 4x2 1997 a 2012;23125;2;20,02;A
PAR-29014;16065325598;KIT PINO GUIA PINÇA FREIO MEGANE 1997 A 2004;29014;2;0;A
Par-GM001;15823841530;Kit Rolamento Roda Traseira Gol Saveiro  PARATI G1 a G5 Fox;VW001;2;13,22;A
332042/43;15990780619;Morceguinho Lado Direito Corsa 1994 A 1998;332042;1;0;A
332042/43;15990785082;Morceguinho Lado Esquerdo Corsa 1994 A 1998;332043;1;0;A
332056/57;15966193860;Morceguinho Dianteira Direita Agile 2010 A 2014;332056;1;0;A
332056/57;15966194428;Morceguinho Dianteiro Esquerdo Agile 2010 A 2014;332057;1;0;A
Par332052/53;15954796549;Morceguinho Dianteiro Corsa Lado Direito 1998 A 2003;332052;1;0;A
Par332052/53;15953324853;Morceguinho Dianteiro Celta Lado Esquerdo 1998 A 2015;332053;1;17,5;A
Par-14098;16114809111;Pino Porta Batente Palio / Strada / Siena;14098;2;8,3;A
PAR-FTK00311;16008825466;Pivô Bandeja Cobalt 2011 Em Diante;FTK00311;2;0;A
PARFTK00311;16008825466;Pivô Bandeja Cobalt 2011 Em Diante;FTK00311;2;0;A
PAR-FTK00606;15997753138;Pivô Bandeja Dianteira Ambos Os Lados Fluence 2011 Em Diante;FTK00606;2;0;A
PARFTK00606;15997753138;Pivô Bandeja Dianteira Ambos Os Lados Fluence 2011 Em Diante;FTK00606;2;0;A
PAR-PVI2404;15999951050;Pivô Bandeja Dianteira Ambos Os Lados Compass 2015 A 2020;FTK22404;2;0;A
PARPVI1055;15999155026;Pivô Bandeja Dianteira Ambos Os Lados Punto 2008 A 2017;FTK11055;2;0;A
PARFTK11055;15999155026;Pivô Bandeja Dianteira Ambos Os Lados Punto 2008 A 2017;FTK11055;2;0;A
PARFTK11042/43;16001274071;Pivô Bandeja Dianteira Direita Spacefox 2006 A 2010;FTK11042;1;0;A
PARFTK11042/43;16001278981;Pivô Bandeja Dianteira Esquerda Fox 2003 A 2014;FTK11043;1;0;A
PARFTK-22404;15999951050;Pivô Bandeja Dianteira Ambos Os Lados Compass 2015 A 2020;FTK22404;2;0;A
PARFTK11021;15995571954;Pivô Inferior Bandeja Dianteira Fiesta Street 2001 À 2007;FTK11021;2;0;A
PARFTK11030;15995162354;Pivô Da Bandeja Inferior Ambos Os Lados Kadett 1989 À 1998;FTK11030;2;0;A
PAR-FTK11003;15995721073;Pivô Da Bandeja Inferior Ambos Os Lados Parati 1992 À 1997;FTK11003;2;0;A
PARFTK11019;15996974942;Pivô Bandeja Inferior Dianteira Ambos Os Lados Polo 96 À 02;FTK11019;2;0;A
PARFTK-11049/50;15997175940;Pivô Bandeja Inferior Dianteira Esquerda Doblô 2003 À 2017;FTK-11049;1;0;A
PARFTK-11049/50;15997201821;Pivô Bandeja Inferior Dianteira Direita Doblô 2003 À 2017;FTK-11050;1;0;A
PAR-FTK11019;15996974942;Pivô Bandeja Inferior Dianteira Ambos Os Lados Polo 96 À 02;FTK11019;2;0;A
PAR-FTK2004;16167981520;Pivô Bandeja Inferior Fit 2009 A 2013;FTK2004;2;0;A
PAR-PVI2183;15996903711;Pivô Da Bandeja Dianteira Ambos Lados Twingo 1993 A 2006;FTK22183;2;0;A
PARFTK00605;15997521341;Pivô Da Bandeja Dianteira Ambos Lados Oroch 2016 A 2019;FTK-00605;2;0;A
PAR-FTK22104;16008488087;Pivô Da Bandeja Dianteira Ambos Lados Sportage 2010 A 2015;FTK22104;2;0;A
PAR-PVI1047;15996997888;Pivô Bandeja Ambos Lados Corsa Frente Montana 2004 A 2010;FTK11047;2;0;A
PAR-FTK22183;15996903711;Pivô Da Bandeja Dianteira Ambos Lados Twingo 1993 A 2006;FTK22183;2;0;A
PAR-PFTK22183;15996903711;Pivô Da Bandeja Dianteira Ambos Lados Twingo 1993 A 2006;FTK22183;2;0;A
PAR-PVI552012;15991616281;PIVO DA BANDEJA INFERIOR C3 2002 À 2013;Pvi552012;2;0;A
PARFTK11048;16008828941;Pivo Da Bandeja Inferior C3 2002 À 2013;FTK11048;2;0;A
PAR-FTK11045;16237918377;Pivô Inferior Bandeja COROLLA;FTK11045;2;0;A
PARFTK22002/03;15995544416;Pivô Da Bandeja Inferior Lado Direito New Civic 2006 A 2011;ftk22002;1;0;A
PARFTK22002/03;15995545028;Pivô Da Bandeja Inferior Lado Esquerdo New Civic 2006 A 2011;ftk22003;1;0;A
FTK22002/03;15995544416;Pivô Da Bandeja Inferior Lado Direito New Civic 2006 A 2011;ftk22002;1;0;A
FTK22002/03;15995545028;Pivô Da Bandeja Inferior Lado Esquerdo New Civic 2006 A 2011;ftk22003;1;0;A
PAR-FTK00903;16091761919;Pivô Da Bandeja Inferior Peugeot 208 2013 A 2022;FTK00903;2;0;A
PAR-FTK11052/53;15996360856;Pivô Inferior Direita Palio Weekend Adventure 2009 A 2017;FTK11052;1;0;A
PAR-FTK11052/53;15996326134;Pivô Inferior Esquerdo Strada Adventure Locker 2009 A 2017;FTK11053;1;0;A
PARFTK11052/53;15996360856;Pivô Inferior Direita Palio Weekend Adventure 2009 A 2017;FTK11052;1;0;A
PARFTK11052/53;15996360856;Pivô Inferior Direita Palio Weekend Adventure 2009 A 2017;FTK11052;1;0;A
PARFTK222014;16042597468;PIVÔ INFERIOR AMBOS OS LADOS RANGER 4X2 4X4 1998 A 2012;FTK222014;2;0;A
PAR-FTK11056/57;15958548891;Pivô Lado Direito Crossfox 2014 Em Diante;FTK11056;1;0;A
PAR-FTK11056/57;15958643417;Pivô Lado Esquerdo Crossfox 2014 Em Diante;FTK11057;1;0;A
PAR-FTK11110;16259163736;PIVÔ INFERIOR AMBOS LADOS ELANTRA 2009 A 2013;FTK11110;2;0;A
PAR-FTK00131/32;16274481931;PIVÔ INFERIOR ESQUERDO ARGO DRIVE 1.0 1.3 GSR 2018 A 2021;FTK00131;1;0;A
PAR-FTK00131/32;16274482021;PIVÔ INFERIOR DIREITA ARGO DRIVE 1.0 1.3 GSR 2018 A 2021;FTK00132;1;0;A
PAR-FTK77365/66;16240472336;Pivô Inferior Esquerdo AUDI 1999 Até 2006;FTK77365;1;0;A
PAR-FTK77365/66;16240472666;Pivô Inferior Direito AUDI 1999 Até 2006;FTK77366;1;0;A
PAR-FTK00122;16274348370;PIVÔ INFERIOR BANDEJA AMBOS LADOS BRAVO 2011 A 2015;FTK00122;2;0;A
PAR-FTK11026;15996547245;Pivô Inferior Bandeja Dianteira Ambos Os Lados Corsa 98 À 02;FTK11026;2;0;A
PARFTK1004/05;15995807349;Pivô Inferior Bandeja Dianteira Direito Parati 1983 À 1992;FTK11004;1;0;A
PARFTK1004/05;15996163219;Pivô Inferior Bandeja Dianteira Esquerdo Voyage 1981 À 1992;FTK11005;1;0;A
PARFTK11058;15996354518;Pivô Inferior Bandeja Dianteira Idea Ambos Lados 2010 À 2018;FTK11058;2;0;A
PAR-FTK11058;15996354518;Pivô Inferior Bandeja Dianteira Idea Ambos Lados 2010 À 2018;FTK11058;2;0;A
PAR-FTK0333;16319452453;Pivô Inferior Classe A 190 Elegance 1999 A 2006;FTK0333;2;0;A
PAR-FTK1024;16335080911;PIVÔ INFERIOR CORSA 1994 A 1998;FTK1024;2;0;A
PARFTK22182;15996174785;Pivô Inferior Da Bandeja Ambos Lados Renault R11 1983 A 1997;FTK22182;2;0;A
PAR-FTK33395;15995604262;Pivô Inferior Dianteira Ambos Lados Ford Ka 2008 A 2014;FTK33395;2;0;A
PARFTK33395;15995604262;Pivô Inferior Dianteira Ambos Lados Ford Ka 2008 A 2014;FTK33395;2;0;A
PAR-FTK22182;15996174785;Pivô Inferior Da Bandeja Ambos Lados Renault R11 1983 A 1997;FTK22182;2;0;A
PAR-FTK11010;16335164505;PIVÔ INFERIOR GOL 1997 A 2008;FTK11010;2;0;A
PAR-FTK11008/09;16332566936;PIVÔ INFERIOR DIREITO GOL 1997 A 2008 DIREÇÃO HIDRAULICA;FTK11008;1;0;A
PAR-FTK11008/09;16332622655;PIVÔ INFERIOR ESQUERDO GOL 1997 A 2008 DIREÇÃO HIDRAULICA;FTK11009;1;0;A
FTK77368/69;16257408014;PIVÔ INFERIOR JETTA LADO DIREITO;FTK77368;1;0;A
FTK77368/69;16257408158;PIVÔ INFERIOR JETTA LADO ESQUERDA;FTK77369;1;0;A
PAR-FTK11051;16274482372;PIVÔ INFERIOR MERIVA 1.4 1.8 2003 A 2012;FTK11051;2;0;A
PAR-FTK44634;16337724394;PIVÔ INFERIOR PARA BANDEJA DE FERRO FUNDIDO PALIO 1999 2000;FTK44634;2;0;A
PAR-FTK11038;16237881319;Pivô Inferior AMBOS LADOS PALIO 1996 Até 1999;FTK11038;2;0;A
PAR-PVI1032;15990829480;Pivô Inferior Ambos Lados Grand Siena 2012 A 2021;FTK11032;2;0;A
PAR-FTK11032;15990829480;Pivô Inferior Ambos Lados Grand Siena 2012 A 2021;FTK11032;2;0;A
PAR-FTK33305;15961081747;Pivô Nissan March 2011 Em Diante;FTK33305;2;0;A
par772102-p;15961081747;Pivô Nissan March 2011 Em Diante;FTK33305;2;0;A
PAR-PVI772102;15961081747;Pivô Nissan March 2011 Em Diante;FTK33305;2;0;A
PARFTK-11020S;16257149644;PIVÔ SUPERIOR CORCEL DEL REY PAMPA SCALA BELINA;FTK-11020S;2;0;A
PAR-FTK00206;16293619392;PIVÔ SUPERIOR FUSION 2006 A 2012;FTK00206;2;0;A
FTK00311/5233;15884291448;Bieleta Dianteira Onix Modelo Novo 2020;5233;2;19,25;A
FTK00311/5233;16008825466;Pivô Bandeja Cobalt 2011 Em Diante;FTK00311;2;0;A
FTK-00311-5233;16008825466;Pivô Bandeja Cobalt 2011 Em Diante;FTK00311;2;0;A
FTK-00311-5233;15884291448;Bieleta Dianteira Onix Modelo Novo 2020;5233;2;19,25;A
FTK00311-5233;16008825466;Pivô Bandeja Cobalt 2011 Em Diante;FTK00311;1;0;A
FTK00311-5233;15884291448;Bieleta Dianteira Onix Modelo Novo 2020;5233;1;19,25;A
PAR-13121;15921673494;Reparo Pino Guia Pinça De Freio Del Rey 1986 Até1991;13121;2;20;A
Par-27020;15880341084;Reparo Pino Guia Pinça De Freio Dianteiro Corolla 2003 a 2008;27020;2;20;A
Par-28006;15827505980;Reparo Pino Guia Pinça De Freio Dianteiro Nissan Versa;28006;2;19;A
Par-PF005;15823840970;Reparo Traseiro Rolamento Blindado Marea 1997 Em Diante;PF005;2;20;A
Par-NZT311396;15907922738;Rolamento Da Roda Dianteira Sem Abs Fiesta;NZT311396;2;37,49;A
par-nzt311315;15915002352;Rolamento Da Roda Dianteira Sem Abs Passat Gol Até 1994;nzt311315;2;32,26;A
PAR-FTK18098;16293617707;ROLAMENTO RODA DIANTEIRA ACCORD 2.0 16V 02 2003 A 2011;FTK18098;2;0;A
PAR-NZT0186;16319445239;PAR ROLAMENTO RODA DIANTEIRA AIRCROSS 1.6 2010 EM DIANTE;NZT0186;2;0;A
PAR-FTK18088;16274483267;ROLAMENTO RODA DIANTEIRA ALFA ROMEO 145 ATÉ 1999;FTK18088;2;0;A
PAR-FTK18627;16237886988;Rolamento da Roda Dianteiro VW AMAROK 2011 Em Diante;FTK18627;2;0;A
PAR-FTK10212;16257207122;ROLAMENTO RODA DIANTEIRA AUDI S3 2001 A 2003;FTK10212;2;0;A
PAR-FTK18072;16274482895;ROLAMENTO RODA DIANTEIRA C3 1.4 16V 1.6 16V 02 2002 15;FTK18072;2;0;A
PAR-FTK050N;16389461895;ROLAMENTO RODA DIANTEIRA CHEVETTE 1.6 1973 A 1993;FTK050N;2;0;A
PAR-FTK18193;16389282734;ROLAMENTO RODA DIANTEIRA DAIHATSU CHARADE 1994;FTK18193;2;0;A
PAR-NZT311015;16352315119;ROLAMENTO RODA DIANTEIRA ARGO;NZT311015;2;0;A
PAR-FTK18012;16389457010;ROLAMENTO RODA DIANTEIRA JUMPY 1.6 2017 A 2021;FTK18012;2;0;A
PAR-FTK14272;16257207463;ROLAMENTO RODA DIANTEIRA SUBARU FORESTER 2.0 2.5 1997 A 2008;FTK14272;2;0;A
PAR-FTK18168;16240471264;Rolamento Roda Dianteira Tracker 2001 Até 2009;FTK18168;2;0;A
PAR-NZT636096;16257406616;ROLAMENTO RODA DIANTEIRA VECTRA SEM ABS 1997 EM DIANTE;NZT636096;2;0;A
Par-FTK18169;16237882799;Rolamento da Roda Dianteiro JAC MOTORS J2 2012 Até 2017;FTK18169;2;0;A
PAR-FTK18630;16389409540;ROLAMENTO RODA TRASEIRA AMAROK 2010 A 2019 2.0 3.0;FTK18630;2;0;A
PAR-FTK18273;16237919385;Rolamento da Roda Traseira BMW SÉRIE 1 116 118 2012 EM DIANTE 1.6;FTK18273;2;0;A
PAR-FTK12223;16319450824;ROLAMENTO RODA TRASEIRA CITROEN AX 1.4 8V 1992 A 1998;FTK12223;2;0;A
Par-FTK18096;16237879691;Rolamento da Roda Traseira CRV 2.4 16v 2002 até 2004;FTK18096;2;0;A
PAR-NZT1206;16257405657;ROLAMENTO RODA TRASEIRA FUSION COM ABS;NZT1206;2;0;A
PAR-FTK18505;16240468968;Rolamento Roda Traseira Grand Cherokee 2011 Em diante;FTK18505;2;0;A
PAR-442146/47;16237921620;Suporte Bandeja Direita FOX 2004 Até 2014;442146;1;0;A
PAR-442146/47;16237921815;Suporte Bandeja Esquerda FOX 2004 Até 2014;442147;1;0;A
PAR-3025;15925730983;Suporte Do Para Choque Fusca;3025;2;0;A
T1005/06;15833619132;Terminal Cabo Trambulador Engate 13mm Uno 2014 Em Diante;T1005;1;0;A
T1005/06;15833618379;Terminal Cabo Trambulador Seleção 10mm Strada 2014 Em Diante;T1006;1;0;A
PAR-T112006;15993931449;Terminal da Direção Do braço Tensor Uno;T112006;2;0;A
par-13125;15845932444;Pino Guia De Pinça De Freio Hyundai I30 HB20 IX35 Veloster;13125;2;20;A
PVI112050/5113;15833627935;Bieleta Dianteira Fiat Mobi 2017 Em Diante 51868333;5113;1;17,57;A
PVI112050/5113;15990829480;Pivô Inferior Ambos Lados Grand Siena 2012 A 2021;FTK11032;1;0;A
PG002;15831140075;Reparo Rolamento Eixo Traseiro Pegeout 206 47mm 1999 a 2010;PG001;1;43;A
NZT-0012;15882164646;Rolamento Da Roda Dianteira Sem Abs;NZT0012;1;0;A
NZT41999;16293617707;ROLAMENTO RODA DIANTEIRA ACCORD 2.0 16V 02 2003 A 2011;FTK18098;2;0;A
PAR-NZT0055AA;16137295771;ROLAMENTO RODA DIANTEIRA PALIO PUNTO BRAVO;NZT0055AA;2;0;A
NZT6916A;16293617707;ROLAMENTO RODA DIANTEIRA ACCORD 2.0 16V 02 2003 A 2011;FTK18098;2;0;A
KIT-FD001;15823818007;Kit Rolamento Roda Traseira Ford Ka 1997 1998 1999 2000-2002;FD001;2;40;A
KIT-FD001;15907922738;Rolamento Da Roda Dianteira Sem Abs Fiesta;NZT311396;2;37,49;A
KIT-VW001;15823841530;Kit Rolamento Roda Traseira Gol Saveiro  PARATI G1 a G5 Fox;VW001;2;13,22;A
KIT-VW001;15907922738;Rolamento Da Roda Dianteira Sem Abs Fiesta;NZT311396;2;37,49;A
Kit-2357/8;15823849698;Suporte Coxin Radiador Esquerdo Corsa Frente Montana 2002/12;2357;1;41;A
Kit-2357/8;15823850473;Suporte Coxin Radiador Direito Montana Antiga 2002 A 2012;2358;1;22,5;A
PARFTK11203/04-MB;16035004445;SUPORTE DIANTEIRO DA BANDEJA DIANTEIRA MERIVA 2002 A 2014;FTK11203-MB;1;0;A
PARFTK11203/04-MB;16034919118;BUCHA TRASEIRA DA BANDEJA DIANTEIRA MERIVA 2002 A 2013;FTK11204-MB;1;0;A
2367-Par;15843240677;Suporte Radiador Vectra Cd 2.0 97 A 98 Ld/le;2367;1;29,9;A
2367-Par;15843184289;Suporte do Radiador Vectra 1999 A 2000;2367-E;1;29,9;A
Par-2367;15843240677;Suporte Radiador Vectra Cd 2.0 97 A 98 Ld/le;2367;2;29,9;A
2362-DE;15845779494;Suporte Sup. Radiador Celta 2005 Le/ld;2362;1;36,9;A
2353-A;15851907264;Suporte Traseiro Do Motor Câmbio Manual Astra 2005;2353;1;38;A
